fecha,codigo_division,division,ipi
2016-01-01,15,Alimentos y bebidas,130.67616072746296
2016-02-01,15,Alimentos y bebidas,129.2639730718447
2016-03-01,15,Alimentos y bebidas,141.65062327052485
2016-04-01,15,Alimentos y bebidas,135.53429109059624
2016-05-01,15,Alimentos y bebidas,139.5732155921133
2016-06-01,15,Alimentos y bebidas,134.04408137778398
2016-07-01,15,Alimentos y bebidas,137.26341179592265
2016-08-01,15,Alimentos y bebidas,151.47051550639057
2016-09-01,15,Alimentos y bebidas,146.86194873690607
2016-10-01,15,Alimentos y bebidas,144.68042812430696
2016-11-01,15,Alimentos y bebidas,143.80846778552308
2016-12-01,15,Alimentos y bebidas,139.17574439457098
2017-01-01,15,Alimentos y bebidas,131.4241036662142
2017-02-01,15,Alimentos y bebidas,118.79586523543726
2017-03-01,15,Alimentos y bebidas,144.0918450547043
2017-04-01,15,Alimentos y bebidas,131.4323263505788
2017-05-01,15,Alimentos y bebidas,145.25789351245908
2017-06-01,15,Alimentos y bebidas,139.32606914072568
2017-07-01,15,Alimentos y bebidas,143.78390590856162
2017-08-01,15,Alimentos y bebidas,153.1777591297517
2017-09-01,15,Alimentos y bebidas,143.85892708402633
2017-10-01,15,Alimentos y bebidas,146.48768862693058
2017-11-01,15,Alimentos y bebidas,143.84183476565198
2017-12-01,15,Alimentos y bebidas,128.4862734655399
2018-01-01,15,Alimentos y bebidas,132.35087943589363
2018-02-01,15,Alimentos y bebidas,121.85990797217029
2018-03-01,15,Alimentos y bebidas,142.84648197917423
2018-04-01,15,Alimentos y bebidas,136.4425932681144
2018-05-01,15,Alimentos y bebidas,144.40567193473868
2018-06-01,15,Alimentos y bebidas,132.20344344813157
2018-07-01,15,Alimentos y bebidas,142.96544284912292
2018-08-01,15,Alimentos y bebidas,150.16331743838091
2018-09-01,15,Alimentos y bebidas,134.94465889897236
2018-10-01,15,Alimentos y bebidas,148.66527856073984
2018-11-01,15,Alimentos y bebidas,134.35487702724652
2018-12-01,15,Alimentos y bebidas,125.32917208798432
2019-01-01,15,Alimentos y bebidas,129.09821247871486
2019-02-01,15,Alimentos y bebidas,121.42717088361483
2019-03-01,15,Alimentos y bebidas,130.64714488314834
2019-04-01,15,Alimentos y bebidas,134.42458181488936
2019-05-01,15,Alimentos y bebidas,142.717594025304
2019-06-01,15,Alimentos y bebidas,133.64666936246317
2019-07-01,15,Alimentos y bebidas,149.35142869627148
2019-08-01,15,Alimentos y bebidas,151.0965112904712
2019-09-01,15,Alimentos y bebidas,136.2683798181795
2019-10-01,15,Alimentos y bebidas,149.4223891940168
2019-11-01,15,Alimentos y bebidas,132.22617897982343
2019-12-01,15,Alimentos y bebidas,134.60980174100263
2020-01-01,15,Alimentos y bebidas,135.14458755144926
2020-02-01,15,Alimentos y bebidas,128.5947259997465
2020-03-01,15,Alimentos y bebidas,128.6580919307722
2020-04-01,15,Alimentos y bebidas,133.769283706194
2020-05-01,15,Alimentos y bebidas,135.78331991993463
2020-06-01,15,Alimentos y bebidas,140.70120790119668
2020-07-01,15,Alimentos y bebidas,148.4514457539955
2020-08-01,15,Alimentos y bebidas,144.03787808419085
2020-09-01,15,Alimentos y bebidas,145.26513332768457
2020-10-01,15,Alimentos y bebidas,146.05757921304874
2020-11-01,15,Alimentos y bebidas,138.41444969538819
2020-12-01,15,Alimentos y bebidas,127.76929107064245
2021-01-01,15,Alimentos y bebidas,137.57433212438934
2021-02-01,15,Alimentos y bebidas,130.0444462580827
2021-03-01,15,Alimentos y bebidas,150.5219234522121
2021-04-01,15,Alimentos y bebidas,143.52364647290867
2021-05-01,15,Alimentos y bebidas,141.01851678197335
2021-06-01,15,Alimentos y bebidas,149.45064483240066
2021-07-01,15,Alimentos y bebidas,152.33239169937622
2021-08-01,15,Alimentos y bebidas,155.33312403939058
2021-09-01,15,Alimentos y bebidas,152.8250100921924
2021-10-01,15,Alimentos y bebidas,145.28261800593506
2021-11-01,15,Alimentos y bebidas,148.90185302379865
2021-12-01,15,Alimentos y bebidas,144.10732905845262
2022-01-01,15,Alimentos y bebidas,131.5927788718501
2022-02-01,15,Alimentos y bebidas,136.15568319316452
2022-03-01,15,Alimentos y bebidas,154.01939252930475
2022-04-01,15,Alimentos y bebidas,148.71692013407508
2022-05-01,15,Alimentos y bebidas,154.17253864178863
2022-06-01,15,Alimentos y bebidas,154.71737900027372
2022-07-01,15,Alimentos y bebidas,156.9753880455758
2022-08-01,15,Alimentos y bebidas,164.16538187316272
2022-09-01,15,Alimentos y bebidas,157.7410882631877
2022-10-01,15,Alimentos y bebidas,149.2889481777417
2022-11-01,15,Alimentos y bebidas,149.99608199510072
2022-12-01,15,Alimentos y bebidas,142.08303945319
2023-01-01,15,Alimentos y bebidas,143.47461035691177
2023-02-01,15,Alimentos y bebidas,127.80157710679765
2023-03-01,15,Alimentos y bebidas,154.02563145537084
2023-04-01,15,Alimentos y bebidas,146.8687508166144
2023-05-01,15,Alimentos y bebidas,154.35545509435778
2023-06-01,15,Alimentos y bebidas,148.3834741041942
2023-07-01,15,Alimentos y bebidas,147.7268626828587
2023-08-01,15,Alimentos y bebidas,152.76442365838804
2023-09-01,15,Alimentos y bebidas,142.62967171336788
2023-10-01,15,Alimentos y bebidas,146.38333467282965
2023-11-01,15,Alimentos y bebidas,139.676079104633
2023-12-01,15,Alimentos y bebidas,131.19780865002352
2024-01-01,15,Alimentos y bebidas,134.77059243789012
2024-02-01,15,Alimentos y bebidas,126.22335344205533
2024-03-01,15,Alimentos y bebidas,132.17042653444412
2024-04-01,15,Alimentos y bebidas,134.22216345515014
2024-05-01,15,Alimentos y bebidas,144.15907123295645
2024-06-01,15,Alimentos y bebidas,136.52758208314557
2024-07-01,15,Alimentos y bebidas,157.02388118065377
2024-08-01,15,Alimentos y bebidas,155.27783235818634
2024-09-01,15,Alimentos y bebidas,152.47502033643423
2024-10-01,15,Alimentos y bebidas,157.19930076377534
2024-11-01,15,Alimentos y bebidas,151.84185673407873
2024-12-01,15,Alimentos y bebidas,142.4003649509738
2025-01-01,15,Alimentos y bebidas,144.92034751849175
2025-02-01,15,Alimentos y bebidas,140.3289772610975
2025-03-01,15,Alimentos y bebidas,140.92066198420423
2025-04-01,15,Alimentos y bebidas,145.19610714215136
2025-05-01,15,Alimentos y bebidas,148.45278431715852
2025-06-01,15,Alimentos y bebidas,142.3599216086384
2025-07-01,15,Alimentos y bebidas,152.89525195398943
2025-08-01,15,Alimentos y bebidas,151.92854500965635
2025-09-01,15,Alimentos y bebidas,154.4770049042318
2025-10-01,15,Alimentos y bebidas,155.3815893242686
2025-11-01,15,Alimentos y bebidas,139.7333295615829
2025-12-01,15,Alimentos y bebidas,143.6538301814007
2026-01-01,15,Alimentos y bebidas,143.18604557250376
2026-02-01,15,Alimentos y bebidas,129.91178000080654
2026-03-01,15,Alimentos y bebidas,152.30506538702497
2026-04-01,15,Alimentos y bebidas,142.11351805873522
2026-05-01,15,Alimentos y bebidas,143.967916159642
2026-06-01,15,Alimentos y bebidas,151.38957617963695
2026-07-01,15,Alimentos y bebidas,152.19240693407096
2026-08-01,15,Alimentos y bebidas,151.57953373674502
2016-01-01,16,Productos de tabaco,106.19948389078264
2016-02-01,16,Productos de tabaco,127.90479009035263
2016-03-01,16,Productos de tabaco,148.56314934240984
2016-04-01,16,Productos de tabaco,117.2505286415723
2016-05-01,16,Productos de tabaco,85.52571432494359
2016-06-01,16,Productos de tabaco,54.45751024380978
2016-07-01,16,Productos de tabaco,58.91462193398112
2016-08-01,16,Productos de tabaco,65.9942233197161
2016-09-01,16,Productos de tabaco,69.4388466849415
2016-10-01,16,Productos de tabaco,46.364382744959926
2016-11-01,16,Productos de tabaco,63.02983867308202
2016-12-01,16,Productos de tabaco,67.06043733335508
2017-01-01,16,Productos de tabaco,99.64892259855161
2017-02-01,16,Productos de tabaco,107.56162560199387
2017-03-01,16,Productos de tabaco,163.26213126740637
2017-04-01,16,Productos de tabaco,117.49683078686658
2017-05-01,16,Productos de tabaco,95.95266095859768
2017-06-01,16,Productos de tabaco,78.86576671723908
2017-07-01,16,Productos de tabaco,70.7850497294483
2017-08-01,16,Productos de tabaco,69.29506263745904
2017-09-01,16,Productos de tabaco,62.19102466069216
2017-10-01,16,Productos de tabaco,59.46620635778652
2017-11-01,16,Productos de tabaco,58.67495168417932
2017-12-01,16,Productos de tabaco,51.38731253908869
2018-01-01,16,Productos de tabaco,109.30244999172616
2018-02-01,16,Productos de tabaco,112.66550049931645
2018-03-01,16,Productos de tabaco,127.47016707169418
2018-04-01,16,Productos de tabaco,103.14799907175457
2018-05-01,16,Productos de tabaco,95.93101314395348
2018-06-01,16,Productos de tabaco,64.71907573496198
2018-07-01,16,Productos de tabaco,60.2409737373598
2018-08-01,16,Productos de tabaco,64.64122074185579
2018-09-01,16,Productos de tabaco,52.48630710349145
2018-10-01,16,Productos de tabaco,59.14631782100985
2018-11-01,16,Productos de tabaco,60.0021514404971
2018-12-01,16,Productos de tabaco,46.13023595379043
2019-01-01,16,Productos de tabaco,115.72098840376614
2019-02-01,16,Productos de tabaco,124.5254433857083
2019-03-01,16,Productos de tabaco,121.71241968409404
2019-04-01,16,Productos de tabaco,84.95337877598296
2019-05-01,16,Productos de tabaco,82.31021535633923
2019-06-01,16,Productos de tabaco,64.38234920120327
2019-07-01,16,Productos de tabaco,61.20614046943552
2019-08-01,16,Productos de tabaco,56.543871245394264
2019-09-01,16,Productos de tabaco,58.16564439587086
2019-10-01,16,Productos de tabaco,62.64940306386225
2019-11-01,16,Productos de tabaco,56.10365898798301
2019-12-01,16,Productos de tabaco,44.40176816686776
2020-01-01,16,Productos de tabaco,107.49832079298531
2020-02-01,16,Productos de tabaco,108.89521576359849
2020-03-01,16,Productos de tabaco,92.36511343364437
2020-04-01,16,Productos de tabaco,34.952047626628996
2020-05-01,16,Productos de tabaco,93.47771813308468
2020-06-01,16,Productos de tabaco,124.00446935185676
2020-07-01,16,Productos de tabaco,97.19070855038875
2020-08-01,16,Productos de tabaco,61.09143575116575
2020-09-01,16,Productos de tabaco,62.73077257556346
2020-10-01,16,Productos de tabaco,54.1744456802872
2020-11-01,16,Productos de tabaco,55.056281297443405
2020-12-01,16,Productos de tabaco,47.81882978945429
2021-01-01,16,Productos de tabaco,87.7177847100678
2021-02-01,16,Productos de tabaco,106.5851328609818
2021-03-01,16,Productos de tabaco,127.84312163849263
2021-04-01,16,Productos de tabaco,120.7023854179997
2021-05-01,16,Productos de tabaco,80.66841916274362
2021-06-01,16,Productos de tabaco,66.27158023020577
2021-07-01,16,Productos de tabaco,56.01907833807357
2021-08-01,16,Productos de tabaco,59.54153980396764
2021-09-01,16,Productos de tabaco,64.66823590932806
2021-10-01,16,Productos de tabaco,59.50535637075633
2021-11-01,16,Productos de tabaco,58.55957571399878
2021-12-01,16,Productos de tabaco,54.33722793468818
2022-01-01,16,Productos de tabaco,82.76827121844698
2022-02-01,16,Productos de tabaco,116.2698541361518
2022-03-01,16,Productos de tabaco,156.0712392738493
2022-04-01,16,Productos de tabaco,99.56583995858736
2022-05-01,16,Productos de tabaco,66.93758397805036
2022-06-01,16,Productos de tabaco,54.70386340191969
2022-07-01,16,Productos de tabaco,65.38655094945491
2022-08-01,16,Productos de tabaco,63.943884364031625
2022-09-01,16,Productos de tabaco,62.12419894976887
2022-10-01,16,Productos de tabaco,58.72495603342013
2022-11-01,16,Productos de tabaco,62.91388530834254
2022-12-01,16,Productos de tabaco,57.336858347823686
2023-01-01,16,Productos de tabaco,87.21491127207851
2023-02-01,16,Productos de tabaco,106.18143306613166
2023-03-01,16,Productos de tabaco,158.05481874157454
2023-04-01,16,Productos de tabaco,99.3080211593053
2023-05-01,16,Productos de tabaco,74.92181772384207
2023-06-01,16,Productos de tabaco,60.67683971149322
2023-07-01,16,Productos de tabaco,65.54290039091222
2023-08-01,16,Productos de tabaco,65.43522835167147
2023-09-01,16,Productos de tabaco,58.43488167141737
2023-10-01,16,Productos de tabaco,54.337750721921864
2023-11-01,16,Productos de tabaco,59.36889432989817
2023-12-01,16,Productos de tabaco,51.16552168931287
2024-01-01,16,Productos de tabaco,99.50532554885316
2024-02-01,16,Productos de tabaco,124.44442349163523
2024-03-01,16,Productos de tabaco,126.39566944895587
2024-04-01,16,Productos de tabaco,73.57544908915676
2024-05-01,16,Productos de tabaco,63.887799279221525
2024-06-01,16,Productos de tabaco,39.27297111008644
2024-07-01,16,Productos de tabaco,54.062278644649325
2024-08-01,16,Productos de tabaco,60.574682930545556
2024-09-01,16,Productos de tabaco,56.9295247682963
2024-10-01,16,Productos de tabaco,58.13779291799096
2024-11-01,16,Productos de tabaco,52.942821694366366
2024-12-01,16,Productos de tabaco,46.36823227905867
2025-01-01,16,Productos de tabaco,111.1750223496754
2025-02-01,16,Productos de tabaco,151.19873801137607
2025-03-01,16,Productos de tabaco,121.85755744983426
2025-04-01,16,Productos de tabaco,92.86771030120757
2025-05-01,16,Productos de tabaco,66.956179369298
2025-06-01,16,Productos de tabaco,52.62400273124854
2025-07-01,16,Productos de tabaco,55.375998309787605
2025-08-01,16,Productos de tabaco,55.09129597499931
2025-09-01,16,Productos de tabaco,56.9615883398844
2025-10-01,16,Productos de tabaco,50.95307376687286
2025-11-01,16,Productos de tabaco,49.957302828086426
2025-12-01,16,Productos de tabaco,42.844978849362384
2026-01-01,16,Productos de tabaco,113.7194448080898
2026-02-01,16,Productos de tabaco,128.9302568211791
2026-03-01,16,Productos de tabaco,154.85860224018973
2026-04-01,16,Productos de tabaco,99.35671593041918
2026-05-01,16,Productos de tabaco,76.82946634817043
2026-06-01,16,Productos de tabaco,52.891797711068584
2026-07-01,16,Productos de tabaco,48.574652614465855
2026-08-01,16,Productos de tabaco,47.231378824280526
2016-01-01,17,Productos textiles,84.2676481531378
2016-02-01,17,Productos textiles,96.96522817278039
2016-03-01,17,Productos textiles,119.3409024118058
2016-04-01,17,Productos textiles,123.19031910088518
2016-05-01,17,Productos textiles,134.89200489029912
2016-06-01,17,Productos textiles,130.64792456729958
2016-07-01,17,Productos textiles,124.1517381027138
2016-08-01,17,Productos textiles,121.54443748097623
2016-09-01,17,Productos textiles,107.79925009361489
2016-10-01,17,Productos textiles,92.94356910066078
2016-11-01,17,Productos textiles,97.18696854272876
2016-12-01,17,Productos textiles,75.1246712944583
2017-01-01,17,Productos textiles,72.9365983299538
2017-02-01,17,Productos textiles,81.06162190927269
2017-03-01,17,Productos textiles,100.960958520188
2017-04-01,17,Productos textiles,99.13980270321115
2017-05-01,17,Productos textiles,120.86415518263202
2017-06-01,17,Productos textiles,125.63076691577835
2017-07-01,17,Productos textiles,120.19038784208007
2017-08-01,17,Productos textiles,117.08425156975498
2017-09-01,17,Productos textiles,107.14552460144967
2017-10-01,17,Productos textiles,103.67807946143984
2017-11-01,17,Productos textiles,101.88570476598697
2017-12-01,17,Productos textiles,88.00604741515788
2018-01-01,17,Productos textiles,76.50418925165903
2018-02-01,17,Productos textiles,72.87440264110502
2018-03-01,17,Productos textiles,101.73236614819174
2018-04-01,17,Productos textiles,109.58534964807154
2018-05-01,17,Productos textiles,118.37873292595246
2018-06-01,17,Productos textiles,120.95976402778784
2018-07-01,17,Productos textiles,115.29648964969286
2018-08-01,17,Productos textiles,102.7288805149471
2018-09-01,17,Productos textiles,80.57535795757788
2018-10-01,17,Productos textiles,81.59808767906955
2018-11-01,17,Productos textiles,70.15147649126534
2018-12-01,17,Productos textiles,55.670799348338996
2019-01-01,17,Productos textiles,53.52610869134269
2019-02-01,17,Productos textiles,66.2192258467196
2019-03-01,17,Productos textiles,81.9397965596496
2019-04-01,17,Productos textiles,90.11803863275419
2019-05-01,17,Productos textiles,95.16759320219458
2019-06-01,17,Productos textiles,98.94776387906182
2019-07-01,17,Productos textiles,117.4306444011098
2019-08-01,17,Productos textiles,104.2608889311598
2019-09-01,17,Productos textiles,99.42091039562497
2019-10-01,17,Productos textiles,94.27240989384812
2019-11-01,17,Productos textiles,77.82030618931536
2019-12-01,17,Productos textiles,61.347927875649724
2020-01-01,17,Productos textiles,53.68555751010089
2020-02-01,17,Productos textiles,61.23837725310526
2020-03-01,17,Productos textiles,56.467679177743754
2020-04-01,17,Productos textiles,39.16481501252022
2020-05-01,17,Productos textiles,58.25419190672306
2020-06-01,17,Productos textiles,85.65035376637552
2020-07-01,17,Productos textiles,90.08802779247839
2020-08-01,17,Productos textiles,84.86349820560908
2020-09-01,17,Productos textiles,80.61430598466445
2020-10-01,17,Productos textiles,82.72380393484559
2020-11-01,17,Productos textiles,76.18492656078759
2020-12-01,17,Productos textiles,66.08307441906088
2021-01-01,17,Productos textiles,55.6758219020745
2021-02-01,17,Productos textiles,67.01837638169499
2021-03-01,17,Productos textiles,86.16107749605183
2021-04-01,17,Productos textiles,92.55183099602972
2021-05-01,17,Productos textiles,95.73829037844436
2021-06-01,17,Productos textiles,106.00555077525306
2021-07-01,17,Productos textiles,106.57792690437904
2021-08-01,17,Productos textiles,95.95148457041158
2021-09-01,17,Productos textiles,96.7991406915492
2021-10-01,17,Productos textiles,87.63228847249103
2021-11-01,17,Productos textiles,87.65511354095896
2021-12-01,17,Productos textiles,68.23754525324517
2022-01-01,17,Productos textiles,53.1258957305509
2022-02-01,17,Productos textiles,70.60042597926979
2022-03-01,17,Productos textiles,86.47987094148945
2022-04-01,17,Productos textiles,87.62532934492134
2022-05-01,17,Productos textiles,96.43956355995194
2022-06-01,17,Productos textiles,106.47017643866842
2022-07-01,17,Productos textiles,106.36791478147643
2022-08-01,17,Productos textiles,110.65754545207405
2022-09-01,17,Productos textiles,99.03624441959795
2022-10-01,17,Productos textiles,82.24620330085716
2022-11-01,17,Productos textiles,83.02781894482924
2022-12-01,17,Productos textiles,61.450160789147475
2023-01-01,17,Productos textiles,53.91517122158786
2023-02-01,17,Productos textiles,68.60858001823475
2023-03-01,17,Productos textiles,84.65470766183019
2023-04-01,17,Productos textiles,87.05151996985751
2023-05-01,17,Productos textiles,97.10378166659221
2023-06-01,17,Productos textiles,103.40035400416072
2023-07-01,17,Productos textiles,110.73726097182463
2023-08-01,17,Productos textiles,104.98999963216949
2023-09-01,17,Productos textiles,100.87145461323864
2023-10-01,17,Productos textiles,96.50738637579265
2023-11-01,17,Productos textiles,88.58874874157614
2023-12-01,17,Productos textiles,61.7874851576548
2024-01-01,17,Productos textiles,50.774231607703555
2024-02-01,17,Productos textiles,62.671469895953
2024-03-01,17,Productos textiles,63.05520593305151
2024-04-01,17,Productos textiles,63.31409355054925
2024-05-01,17,Productos textiles,75.68820761401612
2024-06-01,17,Productos textiles,78.67797660557494
2024-07-01,17,Productos textiles,93.98884652874774
2024-08-01,17,Productos textiles,94.7447004465239
2024-09-01,17,Productos textiles,82.27867857393515
2024-10-01,17,Productos textiles,76.24612819025289
2024-11-01,17,Productos textiles,73.29485718816181
2024-12-01,17,Productos textiles,62.362370187776705
2025-01-01,17,Productos textiles,46.32468569634137
2025-02-01,17,Productos textiles,65.89799253208027
2025-03-01,17,Productos textiles,75.8666048272067
2025-04-01,17,Productos textiles,79.16644486254324
2025-05-01,17,Productos textiles,82.26610080647576
2025-06-01,17,Productos textiles,82.81280205210852
2025-07-01,17,Productos textiles,84.22031768199192
2025-08-01,17,Productos textiles,76.75517027903567
2025-09-01,17,Productos textiles,65.22538410443126
2025-10-01,17,Productos textiles,57.636167073717395
2025-11-01,17,Productos textiles,47.10621178595289
2025-12-01,17,Productos textiles,45.915084264276395
2026-01-01,17,Productos textiles,34.306724601690995
2026-02-01,17,Productos textiles,44.82867143880543
2026-03-01,17,Productos textiles,58.3143636747273
2026-04-01,17,Productos textiles,58.93434736257741
2026-05-01,17,Productos textiles,60.84818393531297
2026-06-01,17,Productos textiles,69.64679858967669
2026-07-01,17,Productos textiles,73.3645714162482
2026-08-01,17,Productos textiles,69.53954639827303
2016-01-01,18-19,"Prendas de vestir, cuero y calzado",85.08686346111747
2016-02-01,18-19,"Prendas de vestir, cuero y calzado",102.30285068061991
2016-03-01,18-19,"Prendas de vestir, cuero y calzado",135.02520729455148
2016-04-01,18-19,"Prendas de vestir, cuero y calzado",137.8840372572964
2016-05-01,18-19,"Prendas de vestir, cuero y calzado",125.5829472600583
2016-06-01,18-19,"Prendas de vestir, cuero y calzado",112.10814824663827
2016-07-01,18-19,"Prendas de vestir, cuero y calzado",108.36203643335836
2016-08-01,18-19,"Prendas de vestir, cuero y calzado",128.15449445873858
2016-09-01,18-19,"Prendas de vestir, cuero y calzado",128.20467559086268
2016-10-01,18-19,"Prendas de vestir, cuero y calzado",122.99367627105732
2016-11-01,18-19,"Prendas de vestir, cuero y calzado",110.73824268573613
2016-12-01,18-19,"Prendas de vestir, cuero y calzado",108.3069567620411
2017-01-01,18-19,"Prendas de vestir, cuero y calzado",82.68907124826747
2017-02-01,18-19,"Prendas de vestir, cuero y calzado",85.37602846902006
2017-03-01,18-19,"Prendas de vestir, cuero y calzado",121.66571279528672
2017-04-01,18-19,"Prendas de vestir, cuero y calzado",106.83941989075456
2017-05-01,18-19,"Prendas de vestir, cuero y calzado",110.56965487521485
2017-06-01,18-19,"Prendas de vestir, cuero y calzado",98.0515027636628
2017-07-01,18-19,"Prendas de vestir, cuero y calzado",104.04113393094433
2017-08-01,18-19,"Prendas de vestir, cuero y calzado",108.16089060540634
2017-09-01,18-19,"Prendas de vestir, cuero y calzado",113.14753340739679
2017-10-01,18-19,"Prendas de vestir, cuero y calzado",117.86490165781865
2017-11-01,18-19,"Prendas de vestir, cuero y calzado",104.28557378935332
2017-12-01,18-19,"Prendas de vestir, cuero y calzado",101.6508203099212
2018-01-01,18-19,"Prendas de vestir, cuero y calzado",79.49431226384756
2018-02-01,18-19,"Prendas de vestir, cuero y calzado",83.28179909900854
2018-03-01,18-19,"Prendas de vestir, cuero y calzado",109.66383577809167
2018-04-01,18-19,"Prendas de vestir, cuero y calzado",110.85725555091086
2018-05-01,18-19,"Prendas de vestir, cuero y calzado",112.33577519694096
2018-06-01,18-19,"Prendas de vestir, cuero y calzado",93.49472409185783
2018-07-01,18-19,"Prendas de vestir, cuero y calzado",93.12834972865372
2018-08-01,18-19,"Prendas de vestir, cuero y calzado",102.57711976727015
2018-09-01,18-19,"Prendas de vestir, cuero y calzado",106.45722774552668
2018-10-01,18-19,"Prendas de vestir, cuero y calzado",108.0202987718706
2018-11-01,18-19,"Prendas de vestir, cuero y calzado",89.2611298185291
2018-12-01,18-19,"Prendas de vestir, cuero y calzado",90.13320843328735
2019-01-01,18-19,"Prendas de vestir, cuero y calzado",72.00916382162798
2019-02-01,18-19,"Prendas de vestir, cuero y calzado",79.8474543978226
2019-03-01,18-19,"Prendas de vestir, cuero y calzado",92.94078951532524
2019-04-01,18-19,"Prendas de vestir, cuero y calzado",91.47711290279021
2019-05-01,18-19,"Prendas de vestir, cuero y calzado",98.27641421475816
2019-06-01,18-19,"Prendas de vestir, cuero y calzado",80.49304682399698
2019-07-01,18-19,"Prendas de vestir, cuero y calzado",85.96304848476986
2019-08-01,18-19,"Prendas de vestir, cuero y calzado",90.56337062139912
2019-09-01,18-19,"Prendas de vestir, cuero y calzado",87.80530024162698
2019-10-01,18-19,"Prendas de vestir, cuero y calzado",98.84964850428946
2019-11-01,18-19,"Prendas de vestir, cuero y calzado",83.37775572319748
2019-12-01,18-19,"Prendas de vestir, cuero y calzado",84.24316278794593
2020-01-01,18-19,"Prendas de vestir, cuero y calzado",63.63829574158876
2020-02-01,18-19,"Prendas de vestir, cuero y calzado",70.66914616323498
2020-03-01,18-19,"Prendas de vestir, cuero y calzado",55.037513636578325
2020-04-01,18-19,"Prendas de vestir, cuero y calzado",19.93002340103209
2020-05-01,18-19,"Prendas de vestir, cuero y calzado",31.224234059840388
2020-06-01,18-19,"Prendas de vestir, cuero y calzado",50.209336371714194
2020-07-01,18-19,"Prendas de vestir, cuero y calzado",57.25923148424639
2020-08-01,18-19,"Prendas de vestir, cuero y calzado",61.12260730864721
2020-09-01,18-19,"Prendas de vestir, cuero y calzado",66.6773069631229
2020-10-01,18-19,"Prendas de vestir, cuero y calzado",75.17432543919469
2020-11-01,18-19,"Prendas de vestir, cuero y calzado",67.12162498664011
2020-12-01,18-19,"Prendas de vestir, cuero y calzado",82.13099403688773
2021-01-01,18-19,"Prendas de vestir, cuero y calzado",56.7787545244055
2021-02-01,18-19,"Prendas de vestir, cuero y calzado",64.28532182668576
2021-03-01,18-19,"Prendas de vestir, cuero y calzado",88.7199654579676
2021-04-01,18-19,"Prendas de vestir, cuero y calzado",80.98502438581443
2021-05-01,18-19,"Prendas de vestir, cuero y calzado",74.16726949241196
2021-06-01,18-19,"Prendas de vestir, cuero y calzado",79.98701317978897
2021-07-01,18-19,"Prendas de vestir, cuero y calzado",87.21113803949886
2021-08-01,18-19,"Prendas de vestir, cuero y calzado",90.12992612439928
2021-09-01,18-19,"Prendas de vestir, cuero y calzado",96.22708759052915
2021-10-01,18-19,"Prendas de vestir, cuero y calzado",105.9992209126249
2021-11-01,18-19,"Prendas de vestir, cuero y calzado",103.70517661065523
2021-12-01,18-19,"Prendas de vestir, cuero y calzado",110.86847515087294
2022-01-01,18-19,"Prendas de vestir, cuero y calzado",61.759571053498725
2022-02-01,18-19,"Prendas de vestir, cuero y calzado",74.58358797127933
2022-03-01,18-19,"Prendas de vestir, cuero y calzado",103.30235852589327
2022-04-01,18-19,"Prendas de vestir, cuero y calzado",105.01625264005015
2022-05-01,18-19,"Prendas de vestir, cuero y calzado",101.56984924428082
2022-06-01,18-19,"Prendas de vestir, cuero y calzado",100.73965157380657
2022-07-01,18-19,"Prendas de vestir, cuero y calzado",82.32083305691819
2022-08-01,18-19,"Prendas de vestir, cuero y calzado",90.87277380373939
2022-09-01,18-19,"Prendas de vestir, cuero y calzado",94.67741855998855
2022-10-01,18-19,"Prendas de vestir, cuero y calzado",97.86274013828086
2022-11-01,18-19,"Prendas de vestir, cuero y calzado",99.83550273166989
2022-12-01,18-19,"Prendas de vestir, cuero y calzado",98.73900141558549
2023-01-01,18-19,"Prendas de vestir, cuero y calzado",66.03399419547284
2023-02-01,18-19,"Prendas de vestir, cuero y calzado",76.3960936502414
2023-03-01,18-19,"Prendas de vestir, cuero y calzado",110.49821091725379
2023-04-01,18-19,"Prendas de vestir, cuero y calzado",101.45084567263166
2023-05-01,18-19,"Prendas de vestir, cuero y calzado",107.66213597716606
2023-06-01,18-19,"Prendas de vestir, cuero y calzado",99.98476056381777
2023-07-01,18-19,"Prendas de vestir, cuero y calzado",95.24207321320762
2023-08-01,18-19,"Prendas de vestir, cuero y calzado",95.13851242808579
2023-09-01,18-19,"Prendas de vestir, cuero y calzado",97.646650340298
2023-10-01,18-19,"Prendas de vestir, cuero y calzado",106.53267316214426
2023-11-01,18-19,"Prendas de vestir, cuero y calzado",98.37103202586997
2023-12-01,18-19,"Prendas de vestir, cuero y calzado",85.94988222122107
2024-01-01,18-19,"Prendas de vestir, cuero y calzado",57.13874537273785
2024-02-01,18-19,"Prendas de vestir, cuero y calzado",66.50980028412994
2024-03-01,18-19,"Prendas de vestir, cuero y calzado",86.38171990001184
2024-04-01,18-19,"Prendas de vestir, cuero y calzado",85.71114050039726
2024-05-01,18-19,"Prendas de vestir, cuero y calzado",98.13298331548238
2024-06-01,18-19,"Prendas de vestir, cuero y calzado",80.91916055530389
2024-07-01,18-19,"Prendas de vestir, cuero y calzado",95.12170559197978
2024-08-01,18-19,"Prendas de vestir, cuero y calzado",98.22928810544414
2024-09-01,18-19,"Prendas de vestir, cuero y calzado",95.26699324627452
2024-10-01,18-19,"Prendas de vestir, cuero y calzado",106.4164280378952
2024-11-01,18-19,"Prendas de vestir, cuero y calzado",96.29625904748066
2024-12-01,18-19,"Prendas de vestir, cuero y calzado",104.37434628338563
2025-01-01,18-19,"Prendas de vestir, cuero y calzado",72.17827535468173
2025-02-01,18-19,"Prendas de vestir, cuero y calzado",74.96525315379789
2025-03-01,18-19,"Prendas de vestir, cuero y calzado",94.59221654911057
2025-04-01,18-19,"Prendas de vestir, cuero y calzado",92.98780594976915
2025-05-01,18-19,"Prendas de vestir, cuero y calzado",92.27636109309353
2025-06-01,18-19,"Prendas de vestir, cuero y calzado",83.32496518851362
2025-07-01,18-19,"Prendas de vestir, cuero y calzado",85.03195603641392
2025-08-01,18-19,"Prendas de vestir, cuero y calzado",83.7491286108325
2025-09-01,18-19,"Prendas de vestir, cuero y calzado",82.86514232606945
2025-10-01,18-19,"Prendas de vestir, cuero y calzado",90.23637309389729
2025-11-01,18-19,"Prendas de vestir, cuero y calzado",78.06901702190652
2025-12-01,18-19,"Prendas de vestir, cuero y calzado",86.35560081532863
2026-01-01,18-19,"Prendas de vestir, cuero y calzado",57.06056297899605
2026-02-01,18-19,"Prendas de vestir, cuero y calzado",61.64137574063204
2026-03-01,18-19,"Prendas de vestir, cuero y calzado",86.29565320802826
2026-04-01,18-19,"Prendas de vestir, cuero y calzado",78.11994532144438
2026-05-01,18-19,"Prendas de vestir, cuero y calzado",78.94087007737554
2026-06-01,18-19,"Prendas de vestir, cuero y calzado",76.34472724820024
2026-07-01,18-19,"Prendas de vestir, cuero y calzado",71.75812133235605
2026-08-01,18-19,"Prendas de vestir, cuero y calzado",71.42327207000798
2016-01-01,20-22,"Madera, papel, edición e impresión",112.05220811386322
2016-02-01,20-22,"Madera, papel, edición e impresión",110.44869988099354
2016-03-01,20-22,"Madera, papel, edición e impresión",118.03318929102018
2016-04-01,20-22,"Madera, papel, edición e impresión",115.05218621844168
2016-05-01,20-22,"Madera, papel, edición e impresión",112.82572099139914
2016-06-01,20-22,"Madera, papel, edición e impresión",107.27514984908085
2016-07-01,20-22,"Madera, papel, edición e impresión",109.10479157528621
2016-08-01,20-22,"Madera, papel, edición e impresión",115.60619562020312
2016-09-01,20-22,"Madera, papel, edición e impresión",112.3038622089752
2016-10-01,20-22,"Madera, papel, edición e impresión",116.20728885179832
2016-11-01,20-22,"Madera, papel, edición e impresión",114.15025601506368
2016-12-01,20-22,"Madera, papel, edición e impresión",105.82117002682234
2017-01-01,20-22,"Madera, papel, edición e impresión",106.30105462075983
2017-02-01,20-22,"Madera, papel, edición e impresión",100.57074115936263
2017-03-01,20-22,"Madera, papel, edición e impresión",116.81869524790285
2017-04-01,20-22,"Madera, papel, edición e impresión",105.79193479712029
2017-05-01,20-22,"Madera, papel, edición e impresión",114.46730852707539
2017-06-01,20-22,"Madera, papel, edición e impresión",112.65770347323408
2017-07-01,20-22,"Madera, papel, edición e impresión",118.16924034246746
2017-08-01,20-22,"Madera, papel, edición e impresión",121.94587146293838
2017-09-01,20-22,"Madera, papel, edición e impresión",123.98741138155337
2017-10-01,20-22,"Madera, papel, edición e impresión",122.06590275177314
2017-11-01,20-22,"Madera, papel, edición e impresión",126.39860912227189
2017-12-01,20-22,"Madera, papel, edición e impresión",110.65483798507277
2018-01-01,20-22,"Madera, papel, edición e impresión",111.38693289774872
2018-02-01,20-22,"Madera, papel, edición e impresión",105.71915457493132
2018-03-01,20-22,"Madera, papel, edición e impresión",118.45337586829685
2018-04-01,20-22,"Madera, papel, edición e impresión",111.83388852370857
2018-05-01,20-22,"Madera, papel, edición e impresión",118.00464960744863
2018-06-01,20-22,"Madera, papel, edición e impresión",110.758294518535
2018-07-01,20-22,"Madera, papel, edición e impresión",114.43872361267883
2018-08-01,20-22,"Madera, papel, edición e impresión",117.98549463395324
2018-09-01,20-22,"Madera, papel, edición e impresión",105.5406518924266
2018-10-01,20-22,"Madera, papel, edición e impresión",116.5324553394559
2018-11-01,20-22,"Madera, papel, edición e impresión",110.64828677748349
2018-12-01,20-22,"Madera, papel, edición e impresión",93.66393919986443
2019-01-01,20-22,"Madera, papel, edición e impresión",103.93005257805021
2019-02-01,20-22,"Madera, papel, edición e impresión",101.83935179022723
2019-03-01,20-22,"Madera, papel, edición e impresión",108.59494981990727
2019-04-01,20-22,"Madera, papel, edición e impresión",108.55309225725138
2019-05-01,20-22,"Madera, papel, edición e impresión",113.601119375644
2019-06-01,20-22,"Madera, papel, edición e impresión",106.70505307514536
2019-07-01,20-22,"Madera, papel, edición e impresión",111.6445632987643
2019-08-01,20-22,"Madera, papel, edición e impresión",110.99874553080906
2019-09-01,20-22,"Madera, papel, edición e impresión",109.82928781890742
2019-10-01,20-22,"Madera, papel, edición e impresión",116.44039089797178
2019-11-01,20-22,"Madera, papel, edición e impresión",108.74393913864824
2019-12-01,20-22,"Madera, papel, edición e impresión",101.51867409215006
2020-01-01,20-22,"Madera, papel, edición e impresión",100.31885236439214
2020-02-01,20-22,"Madera, papel, edición e impresión",102.02788212082739
2020-03-01,20-22,"Madera, papel, edición e impresión",99.35155988554455
2020-04-01,20-22,"Madera, papel, edición e impresión",99.98840295178331
2020-05-01,20-22,"Madera, papel, edición e impresión",103.07732126970157
2020-06-01,20-22,"Madera, papel, edición e impresión",105.9060445495474
2020-07-01,20-22,"Madera, papel, edición e impresión",110.74784478911826
2020-08-01,20-22,"Madera, papel, edición e impresión",108.39117117781288
2020-09-01,20-22,"Madera, papel, edición e impresión",117.93702252378742
2020-10-01,20-22,"Madera, papel, edición e impresión",116.42640319095658
2020-11-01,20-22,"Madera, papel, edición e impresión",114.62386501311047
2020-12-01,20-22,"Madera, papel, edición e impresión",103.26207725994266
2021-01-01,20-22,"Madera, papel, edición e impresión",104.2275529824085
2021-02-01,20-22,"Madera, papel, edición e impresión",97.64409794862908
2021-03-01,20-22,"Madera, papel, edición e impresión",113.0600676204731
2021-04-01,20-22,"Madera, papel, edición e impresión",111.88408968991098
2021-05-01,20-22,"Madera, papel, edición e impresión",108.05617839051979
2021-06-01,20-22,"Madera, papel, edición e impresión",112.92344163871257
2021-07-01,20-22,"Madera, papel, edición e impresión",116.52208257646457
2021-08-01,20-22,"Madera, papel, edición e impresión",117.73098872956106
2021-09-01,20-22,"Madera, papel, edición e impresión",115.47153172852322
2021-10-01,20-22,"Madera, papel, edición e impresión",114.62452685380714
2021-11-01,20-22,"Madera, papel, edición e impresión",118.70578641414514
2021-12-01,20-22,"Madera, papel, edición e impresión",103.7563936808674
2022-01-01,20-22,"Madera, papel, edición e impresión",107.28234753714601
2022-02-01,20-22,"Madera, papel, edición e impresión",107.04845692965867
2022-03-01,20-22,"Madera, papel, edición e impresión",122.70497413217204
2022-04-01,20-22,"Madera, papel, edición e impresión",114.04912032283795
2022-05-01,20-22,"Madera, papel, edición e impresión",120.16192747874278
2022-06-01,20-22,"Madera, papel, edición e impresión",114.27687083048747
2022-07-01,20-22,"Madera, papel, edición e impresión",118.43568123398524
2022-08-01,20-22,"Madera, papel, edición e impresión",123.47067292503974
2022-09-01,20-22,"Madera, papel, edición e impresión",119.25206129638991
2022-10-01,20-22,"Madera, papel, edición e impresión",113.83796244591302
2022-11-01,20-22,"Madera, papel, edición e impresión",111.46527665281354
2022-12-01,20-22,"Madera, papel, edición e impresión",100.43920171446626
2023-01-01,20-22,"Madera, papel, edición e impresión",108.74281823874088
2023-02-01,20-22,"Madera, papel, edición e impresión",102.38213210777151
2023-03-01,20-22,"Madera, papel, edición e impresión",118.27081211899991
2023-04-01,20-22,"Madera, papel, edición e impresión",110.86349383915528
2023-05-01,20-22,"Madera, papel, edición e impresión",113.25747363909515
2023-06-01,20-22,"Madera, papel, edición e impresión",110.06574864537296
2023-07-01,20-22,"Madera, papel, edición e impresión",113.21231856510278
2023-08-01,20-22,"Madera, papel, edición e impresión",122.36205556999163
2023-09-01,20-22,"Madera, papel, edición e impresión",116.30494869968021
2023-10-01,20-22,"Madera, papel, edición e impresión",111.62959256866003
2023-11-01,20-22,"Madera, papel, edición e impresión",111.51929754717607
2023-12-01,20-22,"Madera, papel, edición e impresión",91.9674261481365
2024-01-01,20-22,"Madera, papel, edición e impresión",99.39354572520519
2024-02-01,20-22,"Madera, papel, edición e impresión",96.10198338163246
2024-03-01,20-22,"Madera, papel, edición e impresión",94.42397026017103
2024-04-01,20-22,"Madera, papel, edición e impresión",95.43864273774408
2024-05-01,20-22,"Madera, papel, edición e impresión",92.43032468570152
2024-06-01,20-22,"Madera, papel, edición e impresión",83.58386741161364
2024-07-01,20-22,"Madera, papel, edición e impresión",93.79990835833473
2024-08-01,20-22,"Madera, papel, edición e impresión",101.0362057759486
2024-09-01,20-22,"Madera, papel, edición e impresión",102.82142288122886
2024-10-01,20-22,"Madera, papel, edición e impresión",111.03193322276502
2024-11-01,20-22,"Madera, papel, edición e impresión",103.10284129976613
2024-12-01,20-22,"Madera, papel, edición e impresión",92.24101739660304
2025-01-01,20-22,"Madera, papel, edición e impresión",100.2635304562266
2025-02-01,20-22,"Madera, papel, edición e impresión",96.50574591052359
2025-03-01,20-22,"Madera, papel, edición e impresión",97.62745568557413
2025-04-01,20-22,"Madera, papel, edición e impresión",100.37223440660985
2025-05-01,20-22,"Madera, papel, edición e impresión",105.64090313464573
2025-06-01,20-22,"Madera, papel, edición e impresión",94.99105286320174
2025-07-01,20-22,"Madera, papel, edición e impresión",100.05256599605592
2025-08-01,20-22,"Madera, papel, edición e impresión",101.4633865796291
2025-09-01,20-22,"Madera, papel, edición e impresión",106.66468675420269
2025-10-01,20-22,"Madera, papel, edición e impresión",107.17190642301028
2025-11-01,20-22,"Madera, papel, edición e impresión",102.94537920545439
2025-12-01,20-22,"Madera, papel, edición e impresión",96.08695993557221
2026-01-01,20-22,"Madera, papel, edición e impresión",100.51290144296372
2026-02-01,20-22,"Madera, papel, edición e impresión",95.02602900890018
2026-03-01,20-22,"Madera, papel, edición e impresión",110.51198370361121
2026-04-01,20-22,"Madera, papel, edición e impresión",106.05928539375802
2026-05-01,20-22,"Madera, papel, edición e impresión",102.7118776626554
2026-06-01,20-22,"Madera, papel, edición e impresión",104.0371981597421
2026-07-01,20-22,"Madera, papel, edición e impresión",107.10682155082925
2026-08-01,20-22,"Madera, papel, edición e impresión",103.74640986540469
2016-01-01,23,"Refinación del petróleo, coque y combustible nuclear",116.082454628975
2016-02-01,23,"Refinación del petróleo, coque y combustible nuclear",111.27368225233077
2016-03-01,23,"Refinación del petróleo, coque y combustible nuclear",115.28262401793978
2016-04-01,23,"Refinación del petróleo, coque y combustible nuclear",111.04323324435187
2016-05-01,23,"Refinación del petróleo, coque y combustible nuclear",111.67808109142982
2016-06-01,23,"Refinación del petróleo, coque y combustible nuclear",113.29987978224041
2016-07-01,23,"Refinación del petróleo, coque y combustible nuclear",115.44027678462089
2016-08-01,23,"Refinación del petróleo, coque y combustible nuclear",112.01827843613505
2016-09-01,23,"Refinación del petróleo, coque y combustible nuclear",115.66986166012596
2016-10-01,23,"Refinación del petróleo, coque y combustible nuclear",117.10393156966144
2016-11-01,23,"Refinación del petróleo, coque y combustible nuclear",111.29837607729438
2016-12-01,23,"Refinación del petróleo, coque y combustible nuclear",121.3577722384782
2017-01-01,23,"Refinación del petróleo, coque y combustible nuclear",117.56072285930875
2017-02-01,23,"Refinación del petróleo, coque y combustible nuclear",101.36978099622131
2017-03-01,23,"Refinación del petróleo, coque y combustible nuclear",113.33654129333712
2017-04-01,23,"Refinación del petróleo, coque y combustible nuclear",112.5247981661584
2017-05-01,23,"Refinación del petróleo, coque y combustible nuclear",114.06792773116712
2017-06-01,23,"Refinación del petróleo, coque y combustible nuclear",115.55094812063341
2017-07-01,23,"Refinación del petróleo, coque y combustible nuclear",111.33049274133295
2017-08-01,23,"Refinación del petróleo, coque y combustible nuclear",117.23208044954657
2017-09-01,23,"Refinación del petróleo, coque y combustible nuclear",118.22881045618965
2017-10-01,23,"Refinación del petróleo, coque y combustible nuclear",111.00751325523794
2017-11-01,23,"Refinación del petróleo, coque y combustible nuclear",113.9569231443922
2017-12-01,23,"Refinación del petróleo, coque y combustible nuclear",122.36176515833078
2018-01-01,23,"Refinación del petróleo, coque y combustible nuclear",117.2185378345594
2018-02-01,23,"Refinación del petróleo, coque y combustible nuclear",107.0506013101529
2018-03-01,23,"Refinación del petróleo, coque y combustible nuclear",119.77047612988432
2018-04-01,23,"Refinación del petróleo, coque y combustible nuclear",110.44369430677337
2018-05-01,23,"Refinación del petróleo, coque y combustible nuclear",108.61757778054515
2018-06-01,23,"Refinación del petróleo, coque y combustible nuclear",99.28844995611901
2018-07-01,23,"Refinación del petróleo, coque y combustible nuclear",102.36116422022437
2018-08-01,23,"Refinación del petróleo, coque y combustible nuclear",111.6489710294033
2018-09-01,23,"Refinación del petróleo, coque y combustible nuclear",103.81695821075876
2018-10-01,23,"Refinación del petróleo, coque y combustible nuclear",109.6125961340261
2018-11-01,23,"Refinación del petróleo, coque y combustible nuclear",105.26715291633289
2018-12-01,23,"Refinación del petróleo, coque y combustible nuclear",113.15408876149468
2019-01-01,23,"Refinación del petróleo, coque y combustible nuclear",111.5081799308125
2019-02-01,23,"Refinación del petróleo, coque y combustible nuclear",97.8683610280293
2019-03-01,23,"Refinación del petróleo, coque y combustible nuclear",112.23820892172266
2019-04-01,23,"Refinación del petróleo, coque y combustible nuclear",101.30046984937597
2019-05-01,23,"Refinación del petróleo, coque y combustible nuclear",111.72279504087436
2019-06-01,23,"Refinación del petróleo, coque y combustible nuclear",102.05208189747209
2019-07-01,23,"Refinación del petróleo, coque y combustible nuclear",107.16503703272446
2019-08-01,23,"Refinación del petróleo, coque y combustible nuclear",110.12199781033559
2019-09-01,23,"Refinación del petróleo, coque y combustible nuclear",101.54248651094704
2019-10-01,23,"Refinación del petróleo, coque y combustible nuclear",113.95350261098075
2019-11-01,23,"Refinación del petróleo, coque y combustible nuclear",109.08127090081264
2019-12-01,23,"Refinación del petróleo, coque y combustible nuclear",115.36449566142679
2020-01-01,23,"Refinación del petróleo, coque y combustible nuclear",116.07244396174279
2020-02-01,23,"Refinación del petróleo, coque y combustible nuclear",105.4635089962156
2020-03-01,23,"Refinación del petróleo, coque y combustible nuclear",101.20360349271742
2020-04-01,23,"Refinación del petróleo, coque y combustible nuclear",66.42553176320907
2020-05-01,23,"Refinación del petróleo, coque y combustible nuclear",79.8832456382214
2020-06-01,23,"Refinación del petróleo, coque y combustible nuclear",90.12312933279803
2020-07-01,23,"Refinación del petróleo, coque y combustible nuclear",99.0207004703881
2020-08-01,23,"Refinación del petróleo, coque y combustible nuclear",96.11555681991574
2020-09-01,23,"Refinación del petróleo, coque y combustible nuclear",81.672943846705
2020-10-01,23,"Refinación del petróleo, coque y combustible nuclear",89.31780293640611
2020-11-01,23,"Refinación del petróleo, coque y combustible nuclear",91.6220461509239
2020-12-01,23,"Refinación del petróleo, coque y combustible nuclear",99.79314476142987
2021-01-01,23,"Refinación del petróleo, coque y combustible nuclear",106.59139381888794
2021-02-01,23,"Refinación del petróleo, coque y combustible nuclear",94.29276809291824
2021-03-01,23,"Refinación del petróleo, coque y combustible nuclear",107.05067642501527
2021-04-01,23,"Refinación del petróleo, coque y combustible nuclear",99.79075567706629
2021-05-01,23,"Refinación del petróleo, coque y combustible nuclear",103.88946186108612
2021-06-01,23,"Refinación del petróleo, coque y combustible nuclear",100.31606047923927
2021-07-01,23,"Refinación del petróleo, coque y combustible nuclear",105.34277328251991
2021-08-01,23,"Refinación del petróleo, coque y combustible nuclear",108.88562751974013
2021-09-01,23,"Refinación del petróleo, coque y combustible nuclear",103.76657793351826
2021-10-01,23,"Refinación del petróleo, coque y combustible nuclear",109.2498693175925
2021-11-01,23,"Refinación del petróleo, coque y combustible nuclear",108.26268494760077
2021-12-01,23,"Refinación del petróleo, coque y combustible nuclear",115.02566956046049
2022-01-01,23,"Refinación del petróleo, coque y combustible nuclear",110.78290340012028
2022-02-01,23,"Refinación del petróleo, coque y combustible nuclear",90.07846516865322
2022-03-01,23,"Refinación del petróleo, coque y combustible nuclear",103.86215082180229
2022-04-01,23,"Refinación del petróleo, coque y combustible nuclear",109.06001634780814
2022-05-01,23,"Refinación del petróleo, coque y combustible nuclear",116.56343564715917
2022-06-01,23,"Refinación del petróleo, coque y combustible nuclear",113.47875288464472
2022-07-01,23,"Refinación del petróleo, coque y combustible nuclear",114.47330565099583
2022-08-01,23,"Refinación del petróleo, coque y combustible nuclear",117.14790379693792
2022-09-01,23,"Refinación del petróleo, coque y combustible nuclear",110.0430368889002
2022-10-01,23,"Refinación del petróleo, coque y combustible nuclear",112.63305073051683
2022-11-01,23,"Refinación del petróleo, coque y combustible nuclear",113.35740700166367
2022-12-01,23,"Refinación del petróleo, coque y combustible nuclear",120.60603384161772
2023-01-01,23,"Refinación del petróleo, coque y combustible nuclear",120.03152036938033
2023-02-01,23,"Refinación del petróleo, coque y combustible nuclear",110.60765143929332
2023-03-01,23,"Refinación del petróleo, coque y combustible nuclear",121.68611163493446
2023-04-01,23,"Refinación del petróleo, coque y combustible nuclear",121.0107426266718
2023-05-01,23,"Refinación del petróleo, coque y combustible nuclear",121.00748279029546
2023-06-01,23,"Refinación del petróleo, coque y combustible nuclear",116.50531382378071
2023-07-01,23,"Refinación del petróleo, coque y combustible nuclear",118.55719227245037
2023-08-01,23,"Refinación del petróleo, coque y combustible nuclear",109.25572220683735
2023-09-01,23,"Refinación del petróleo, coque y combustible nuclear",116.96469725274227
2023-10-01,23,"Refinación del petróleo, coque y combustible nuclear",105.95104788758788
2023-11-01,23,"Refinación del petróleo, coque y combustible nuclear",115.78839260862893
2023-12-01,23,"Refinación del petróleo, coque y combustible nuclear",121.08423360153017
2024-01-01,23,"Refinación del petróleo, coque y combustible nuclear",118.58597171977185
2024-02-01,23,"Refinación del petróleo, coque y combustible nuclear",109.04803334454442
2024-03-01,23,"Refinación del petróleo, coque y combustible nuclear",116.56823476455267
2024-04-01,23,"Refinación del petróleo, coque y combustible nuclear",116.85002103742575
2024-05-01,23,"Refinación del petróleo, coque y combustible nuclear",124.1194771773566
2024-06-01,23,"Refinación del petróleo, coque y combustible nuclear",114.86827133082728
2024-07-01,23,"Refinación del petróleo, coque y combustible nuclear",121.03785654335451
2024-08-01,23,"Refinación del petróleo, coque y combustible nuclear",122.75658271517942
2024-09-01,23,"Refinación del petróleo, coque y combustible nuclear",117.55886732571999
2024-10-01,23,"Refinación del petróleo, coque y combustible nuclear",119.31802516834185
2024-11-01,23,"Refinación del petróleo, coque y combustible nuclear",117.7191588095402
2024-12-01,23,"Refinación del petróleo, coque y combustible nuclear",128.22598685116725
2025-01-01,23,"Refinación del petróleo, coque y combustible nuclear",128.35206564142328
2025-02-01,23,"Refinación del petróleo, coque y combustible nuclear",100.86642312358023
2025-03-01,23,"Refinación del petróleo, coque y combustible nuclear",113.03478535021058
2025-04-01,23,"Refinación del petróleo, coque y combustible nuclear",121.27720592405618
2025-05-01,23,"Refinación del petróleo, coque y combustible nuclear",111.41254479618745
2025-06-01,23,"Refinación del petróleo, coque y combustible nuclear",121.42308268045456
2025-07-01,23,"Refinación del petróleo, coque y combustible nuclear",124.2094088223948
2025-08-01,23,"Refinación del petróleo, coque y combustible nuclear",128.7140326180718
2025-09-01,23,"Refinación del petróleo, coque y combustible nuclear",126.49504210487967
2025-10-01,23,"Refinación del petróleo, coque y combustible nuclear",123.1457160237378
2025-11-01,23,"Refinación del petróleo, coque y combustible nuclear",125.26449053925474
2025-12-01,23,"Refinación del petróleo, coque y combustible nuclear",133.38129653920072
2026-01-01,23,"Refinación del petróleo, coque y combustible nuclear",131.18329430757422
2026-02-01,23,"Refinación del petróleo, coque y combustible nuclear",120.74191283332682
2026-03-01,23,"Refinación del petróleo, coque y combustible nuclear",128.28258719348494
2026-04-01,23,"Refinación del petróleo, coque y combustible nuclear",127.99351171051897
2026-05-01,23,"Refinación del petróleo, coque y combustible nuclear",133.0098839004857
2026-06-01,23,"Refinación del petróleo, coque y combustible nuclear",125.546204873956
2026-07-01,23,"Refinación del petróleo, coque y combustible nuclear",134.5687408446237
2026-08-01,23,"Refinación del petróleo, coque y combustible nuclear",134.71383999396232
2016-01-01,24,Sustancias y productos químicos,137.1525913618032
2016-02-01,24,Sustancias y productos químicos,133.6941566533575
2016-03-01,24,Sustancias y productos químicos,148.31859864284024
2016-04-01,24,Sustancias y productos químicos,147.76129110892197
2016-05-01,24,Sustancias y productos químicos,147.2223740778678
2016-06-01,24,Sustancias y productos químicos,135.7566039798128
2016-07-01,24,Sustancias y productos químicos,145.57893442430841
2016-08-01,24,Sustancias y productos químicos,145.1297437577344
2016-09-01,24,Sustancias y productos químicos,153.5491565594138
2016-10-01,24,Sustancias y productos químicos,150.57608224534826
2016-11-01,24,Sustancias y productos químicos,151.27980690093375
2016-12-01,24,Sustancias y productos químicos,132.46059489628283
2017-01-01,24,Sustancias y productos químicos,139.72456018245254
2017-02-01,24,Sustancias y productos químicos,127.67128597023004
2017-03-01,24,Sustancias y productos químicos,145.9220115461787
2017-04-01,24,Sustancias y productos químicos,145.7081071420369
2017-05-01,24,Sustancias y productos químicos,150.8723427133852
2017-06-01,24,Sustancias y productos químicos,147.90838474938775
2017-07-01,24,Sustancias y productos químicos,141.53838232521252
2017-08-01,24,Sustancias y productos químicos,142.4697426760273
2017-09-01,24,Sustancias y productos químicos,145.67165167414404
2017-10-01,24,Sustancias y productos químicos,155.5085604418048
2017-11-01,24,Sustancias y productos químicos,148.91840717021734
2017-12-01,24,Sustancias y productos químicos,138.35641550628804
2018-01-01,24,Sustancias y productos químicos,142.9475508872355
2018-02-01,24,Sustancias y productos químicos,123.03747785051902
2018-03-01,24,Sustancias y productos químicos,142.27842658600716
2018-04-01,24,Sustancias y productos químicos,139.20959516163177
2018-05-01,24,Sustancias y productos químicos,142.86665048113835
2018-06-01,24,Sustancias y productos químicos,133.5014436289534
2018-07-01,24,Sustancias y productos químicos,127.8346431778504
2018-08-01,24,Sustancias y productos químicos,130.19414077145842
2018-09-01,24,Sustancias y productos químicos,138.92489888673663
2018-10-01,24,Sustancias y productos químicos,143.12693125535776
2018-11-01,24,Sustancias y productos químicos,140.28183605509227
2018-12-01,24,Sustancias y productos químicos,123.03707656706496
2019-01-01,24,Sustancias y productos químicos,132.1116065124062
2019-02-01,24,Sustancias y productos químicos,120.75448165022195
2019-03-01,24,Sustancias y productos químicos,133.10582985142975
2019-04-01,24,Sustancias y productos químicos,137.00099875812094
2019-05-01,24,Sustancias y productos químicos,139.42235615836037
2019-06-01,24,Sustancias y productos químicos,119.41783298080908
2019-07-01,24,Sustancias y productos químicos,121.61542330059011
2019-08-01,24,Sustancias y productos químicos,124.32665848835246
2019-09-01,24,Sustancias y productos químicos,121.79565488143237
2019-10-01,24,Sustancias y productos químicos,141.3206343797419
2019-11-01,24,Sustancias y productos químicos,135.27247703218725
2019-12-01,24,Sustancias y productos químicos,121.37538788530081
2020-01-01,24,Sustancias y productos químicos,133.2320698445025
2020-02-01,24,Sustancias y productos químicos,123.89018090753201
2020-03-01,24,Sustancias y productos químicos,129.60172043850076
2020-04-01,24,Sustancias y productos químicos,121.95674853973888
2020-05-01,24,Sustancias y productos químicos,125.05695622089542
2020-06-01,24,Sustancias y productos químicos,128.9908324810402
2020-07-01,24,Sustancias y productos químicos,138.4474088351735
2020-08-01,24,Sustancias y productos químicos,138.23028260317162
2020-09-01,24,Sustancias y productos químicos,141.7377104148464
2020-10-01,24,Sustancias y productos químicos,140.32913712700872
2020-11-01,24,Sustancias y productos químicos,139.45747352272875
2020-12-01,24,Sustancias y productos químicos,130.99954834394134
2021-01-01,24,Sustancias y productos químicos,131.48426372588634
2021-02-01,24,Sustancias y productos químicos,119.66761472864567
2021-03-01,24,Sustancias y productos químicos,146.75718824489536
2021-04-01,24,Sustancias y productos químicos,143.44439802758907
2021-05-01,24,Sustancias y productos químicos,143.2495504496647
2021-06-01,24,Sustancias y productos químicos,144.984788822499
2021-07-01,24,Sustancias y productos químicos,148.49125360088277
2021-08-01,24,Sustancias y productos químicos,146.6046058337835
2021-09-01,24,Sustancias y productos químicos,146.7370378622314
2021-10-01,24,Sustancias y productos químicos,145.14130729025888
2021-11-01,24,Sustancias y productos químicos,153.77690800318484
2021-12-01,24,Sustancias y productos químicos,139.91891454393956
2022-01-01,24,Sustancias y productos químicos,140.66907765801307
2022-02-01,24,Sustancias y productos químicos,133.74041991248686
2022-03-01,24,Sustancias y productos químicos,153.37685610980435
2022-04-01,24,Sustancias y productos químicos,145.95000373064158
2022-05-01,24,Sustancias y productos químicos,150.21629008691735
2022-06-01,24,Sustancias y productos químicos,149.950850595736
2022-07-01,24,Sustancias y productos químicos,150.51873535126774
2022-08-01,24,Sustancias y productos químicos,155.9031706083745
2022-09-01,24,Sustancias y productos químicos,149.77122130097604
2022-10-01,24,Sustancias y productos químicos,151.67798865389213
2022-11-01,24,Sustancias y productos químicos,152.489300868504
2022-12-01,24,Sustancias y productos químicos,132.33982054506953
2023-01-01,24,Sustancias y productos químicos,133.86598081370238
2023-02-01,24,Sustancias y productos químicos,124.45795951571955
2023-03-01,24,Sustancias y productos químicos,147.07057965746614
2023-04-01,24,Sustancias y productos químicos,143.538950195053
2023-05-01,24,Sustancias y productos químicos,152.11483004953718
2023-06-01,24,Sustancias y productos químicos,149.0562029578894
2023-07-01,24,Sustancias y productos químicos,150.701351008931
2023-08-01,24,Sustancias y productos químicos,149.02676385380977
2023-09-01,24,Sustancias y productos químicos,153.6474846397144
2023-10-01,24,Sustancias y productos químicos,148.10586972003154
2023-11-01,24,Sustancias y productos químicos,143.19525950675757
2023-12-01,24,Sustancias y productos químicos,120.05415952250587
2024-01-01,24,Sustancias y productos químicos,117.48545723381847
2024-02-01,24,Sustancias y productos químicos,123.67263229502252
2024-03-01,24,Sustancias y productos químicos,139.56239513048013
2024-04-01,24,Sustancias y productos químicos,128.97900386288939
2024-05-01,24,Sustancias y productos químicos,138.7584169205004
2024-06-01,24,Sustancias y productos químicos,129.9388275972409
2024-07-01,24,Sustancias y productos químicos,145.69092157724623
2024-08-01,24,Sustancias y productos químicos,142.99457235492753
2024-09-01,24,Sustancias y productos químicos,139.011800222744
2024-10-01,24,Sustancias y productos químicos,143.58086631772142
2024-11-01,24,Sustancias y productos químicos,138.73487400731213
2024-12-01,24,Sustancias y productos químicos,129.43463258810763
2025-01-01,24,Sustancias y productos químicos,130.21212866749565
2025-02-01,24,Sustancias y productos químicos,121.28666559705856
2025-03-01,24,Sustancias y productos químicos,126.10263050600626
2025-04-01,24,Sustancias y productos químicos,129.35599812143784
2025-05-01,24,Sustancias y productos químicos,144.37703909561807
2025-06-01,24,Sustancias y productos químicos,134.56063180190066
2025-07-01,24,Sustancias y productos químicos,143.95982961248063
2025-08-01,24,Sustancias y productos químicos,141.6018857272897
2025-09-01,24,Sustancias y productos químicos,141.73836915077416
2025-10-01,24,Sustancias y productos químicos,142.5531330944485
2025-11-01,24,Sustancias y productos químicos,133.565186448757
2025-12-01,24,Sustancias y productos químicos,130.05390888745046
2026-01-01,24,Sustancias y productos químicos,138.9479237348986
2026-02-01,24,Sustancias y productos químicos,123.6772673816955
2026-03-01,24,Sustancias y productos químicos,145.0273846145033
2026-04-01,24,Sustancias y productos químicos,150.1152451894512
2026-05-01,24,Sustancias y productos químicos,139.0412201658206
2026-06-01,24,Sustancias y productos químicos,148.53300465584775
2026-07-01,24,Sustancias y productos químicos,140.7266494040856
2026-08-01,24,Sustancias y productos químicos,147.24508671553895
2016-01-01,25,Productos de caucho y plástico,119.0923090309344
2016-02-01,25,Productos de caucho y plástico,113.90864790192519
2016-03-01,25,Productos de caucho y plástico,136.58945230719007
2016-04-01,25,Productos de caucho y plástico,130.90445655692022
2016-05-01,25,Productos de caucho y plástico,124.96720653099499
2016-06-01,25,Productos de caucho y plástico,114.31556632437254
2016-07-01,25,Productos de caucho y plástico,118.30104924141786
2016-08-01,25,Productos de caucho y plástico,128.20030794803392
2016-09-01,25,Productos de caucho y plástico,133.63721097688818
2016-10-01,25,Productos de caucho y plástico,129.46612223508538
2016-11-01,25,Productos de caucho y plástico,130.68289997617194
2016-12-01,25,Productos de caucho y plástico,114.67413966083166
2017-01-01,25,Productos de caucho y plástico,120.92175312298728
2017-02-01,25,Productos de caucho y plástico,105.35725813671097
2017-03-01,25,Productos de caucho y plástico,130.6146310922724
2017-04-01,25,Productos de caucho y plástico,124.16024811405454
2017-05-01,25,Productos de caucho y plástico,131.64128525502036
2017-06-01,25,Productos de caucho y plástico,125.7475498668364
2017-07-01,25,Productos de caucho y plástico,128.71814115489323
2017-08-01,25,Productos de caucho y plástico,135.52641758346755
2017-09-01,25,Productos de caucho y plástico,136.86144763155053
2017-10-01,25,Productos de caucho y plástico,137.97209368517267
2017-11-01,25,Productos de caucho y plástico,132.5045719841655
2017-12-01,25,Productos de caucho y plástico,112.953210218631
2018-01-01,25,Productos de caucho y plástico,114.75965854331457
2018-02-01,25,Productos de caucho y plástico,105.64518440857236
2018-03-01,25,Productos de caucho y plástico,126.88490604929278
2018-04-01,25,Productos de caucho y plástico,125.0182359745008
2018-05-01,25,Productos de caucho y plástico,127.05514082166242
2018-06-01,25,Productos de caucho y plástico,110.82873414059141
2018-07-01,25,Productos de caucho y plástico,113.1653977276021
2018-08-01,25,Productos de caucho y plástico,118.29636339925977
2018-09-01,25,Productos de caucho y plástico,110.02841818080486
2018-10-01,25,Productos de caucho y plástico,115.34588091424705
2018-11-01,25,Productos de caucho y plástico,109.86161322102481
2018-12-01,25,Productos de caucho y plástico,92.88954640562572
2019-01-01,25,Productos de caucho y plástico,98.85195007200586
2019-02-01,25,Productos de caucho y plástico,99.5779599581626
2019-03-01,25,Productos de caucho y plástico,105.81304920634695
2019-04-01,25,Productos de caucho y plástico,108.43415362973133
2019-05-01,25,Productos de caucho y plástico,110.86030188390767
2019-06-01,25,Productos de caucho y plástico,103.60364092473051
2019-07-01,25,Productos de caucho y plástico,111.90391177005749
2019-08-01,25,Productos de caucho y plástico,108.58828345195398
2019-09-01,25,Productos de caucho y plástico,105.79092105560198
2019-10-01,25,Productos de caucho y plástico,115.27403849734247
2019-11-01,25,Productos de caucho y plástico,112.50631567501713
2019-12-01,25,Productos de caucho y plástico,94.88913760296344
2020-01-01,25,Productos de caucho y plástico,98.07235395286044
2020-02-01,25,Productos de caucho y plástico,94.62995114998468
2020-03-01,25,Productos de caucho y plástico,84.8246502349567
2020-04-01,25,Productos de caucho y plástico,66.51368989204246
2020-05-01,25,Productos de caucho y plástico,79.44100627964445
2020-06-01,25,Productos de caucho y plástico,97.51034100383228
2020-07-01,25,Productos de caucho y plástico,100.23836147887918
2020-08-01,25,Productos de caucho y plástico,104.71116812751701
2020-09-01,25,Productos de caucho y plástico,112.384546052193
2020-10-01,25,Productos de caucho y plástico,118.98921893550937
2020-11-01,25,Productos de caucho y plástico,119.0858107166454
2020-12-01,25,Productos de caucho y plástico,107.04203667813886
2021-01-01,25,Productos de caucho y plástico,112.07163743881951
2021-02-01,25,Productos de caucho y plástico,98.27669363811813
2021-03-01,25,Productos de caucho y plástico,122.23709571297506
2021-04-01,25,Productos de caucho y plástico,111.1842589212125
2021-05-01,25,Productos de caucho y plástico,110.50005335028374
2021-06-01,25,Productos de caucho y plástico,117.34899172649547
2021-07-01,25,Productos de caucho y plástico,113.7643376929672
2021-08-01,25,Productos de caucho y plástico,121.69301089069833
2021-09-01,25,Productos de caucho y plástico,125.80313696203484
2021-10-01,25,Productos de caucho y plástico,119.84896429578899
2021-11-01,25,Productos de caucho y plástico,126.59677834912463
2021-12-01,25,Productos de caucho y plástico,112.89016872725188
2022-01-01,25,Productos de caucho y plástico,103.26049896106915
2022-02-01,25,Productos de caucho y plástico,107.95590537307817
2022-03-01,25,Productos de caucho y plástico,129.04477286217448
2022-04-01,25,Productos de caucho y plástico,128.03934353424586
2022-05-01,25,Productos de caucho y plástico,123.2748504142875
2022-06-01,25,Productos de caucho y plástico,121.73287788065646
2022-07-01,25,Productos de caucho y plástico,121.68220171390097
2022-08-01,25,Productos de caucho y plástico,129.6089606567563
2022-09-01,25,Productos de caucho y plástico,123.42684087830081
2022-10-01,25,Productos de caucho y plástico,128.07858209549894
2022-11-01,25,Productos de caucho y plástico,123.08706790068305
2022-12-01,25,Productos de caucho y plástico,104.4454101798777
2023-01-01,25,Productos de caucho y plástico,112.21952782825026
2023-02-01,25,Productos de caucho y plástico,107.60686262344039
2023-03-01,25,Productos de caucho y plástico,131.05951303264146
2023-04-01,25,Productos de caucho y plástico,124.64386900502005
2023-05-01,25,Productos de caucho y plástico,127.93722474135163
2023-06-01,25,Productos de caucho y plástico,122.69198762707124
2023-07-01,25,Productos de caucho y plástico,125.07989256172907
2023-08-01,25,Productos de caucho y plástico,128.59026058391612
2023-09-01,25,Productos de caucho y plástico,128.77055494613307
2023-10-01,25,Productos de caucho y plástico,127.80881625267443
2023-11-01,25,Productos de caucho y plástico,123.75611734398828
2023-12-01,25,Productos de caucho y plástico,103.14567418604466
2024-01-01,25,Productos de caucho y plástico,98.28835965342091
2024-02-01,25,Productos de caucho y plástico,98.55456846800935
2024-03-01,25,Productos de caucho y plástico,99.76650329756974
2024-04-01,25,Productos de caucho y plástico,96.30494419263697
2024-05-01,25,Productos de caucho y plástico,95.03267345947175
2024-06-01,25,Productos de caucho y plástico,86.4967572076857
2024-07-01,25,Productos de caucho y plástico,102.0532238264844
2024-08-01,25,Productos de caucho y plástico,111.0263392463176
2024-09-01,25,Productos de caucho y plástico,110.29198228249908
2024-10-01,25,Productos de caucho y plástico,111.76825860448584
2024-11-01,25,Productos de caucho y plástico,104.05847589912736
2024-12-01,25,Productos de caucho y plástico,94.16656889388261
2025-01-01,25,Productos de caucho y plástico,90.93491892496705
2025-02-01,25,Productos de caucho y plástico,95.25309160059152
2025-03-01,25,Productos de caucho y plástico,96.4989793708427
2025-04-01,25,Productos de caucho y plástico,101.60943587837961
2025-05-01,25,Productos de caucho y plástico,104.02653433435749
2025-06-01,25,Productos de caucho y plástico,96.78524916917571
2025-07-01,25,Productos de caucho y plástico,102.93602540918326
2025-08-01,25,Productos de caucho y plástico,101.79972917437433
2025-09-01,25,Productos de caucho y plástico,99.61862053256208
2025-10-01,25,Productos de caucho y plástico,99.21321335552945
2025-11-01,25,Productos de caucho y plástico,91.48828250592669
2025-12-01,25,Productos de caucho y plástico,77.74202343031364
2026-01-01,25,Productos de caucho y plástico,83.76926651608115
2026-02-01,25,Productos de caucho y plástico,80.34341153437742
2026-03-01,25,Productos de caucho y plástico,95.14277961281475
2026-04-01,25,Productos de caucho y plástico,97.03271159197205
2026-05-01,25,Productos de caucho y plástico,93.39743748900065
2026-06-01,25,Productos de caucho y plástico,93.69270100787669
2026-07-01,25,Productos de caucho y plástico,93.24887852549483
2026-08-01,25,Productos de caucho y plástico,94.7233488210691
2016-01-01,26,Productos minerales no metálicos,162.74024047405936
2016-02-01,26,Productos minerales no metálicos,159.8483519316733
2016-03-01,26,Productos minerales no metálicos,171.77895833246978
2016-04-01,26,Productos minerales no metálicos,158.6551198696849
2016-05-01,26,Productos minerales no metálicos,167.37824275604584
2016-06-01,26,Productos minerales no metálicos,156.69964915583628
2016-07-01,26,Productos minerales no metálicos,160.47095814056402
2016-08-01,26,Productos minerales no metálicos,177.6376893441039
2016-09-01,26,Productos minerales no metálicos,174.2047660484068
2016-10-01,26,Productos minerales no metálicos,169.28449214246567
2016-11-01,26,Productos minerales no metálicos,177.63508179515813
2016-12-01,26,Productos minerales no metálicos,160.5391789379215
2017-01-01,26,Productos minerales no metálicos,152.98385497319688
2017-02-01,26,Productos minerales no metálicos,147.9938227467428
2017-03-01,26,Productos minerales no metálicos,182.70294893096832
2017-04-01,26,Productos minerales no metálicos,160.66109578100532
2017-05-01,26,Productos minerales no metálicos,172.52446537285158
2017-06-01,26,Productos minerales no metálicos,180.87317294115982
2017-07-01,26,Productos minerales no metálicos,177.70950227037812
2017-08-01,26,Productos minerales no metálicos,191.01239675524673
2017-09-01,26,Productos minerales no metálicos,188.10465508432213
2017-10-01,26,Productos minerales no metálicos,197.90838810025843
2017-11-01,26,Productos minerales no metálicos,200.02599738544492
2017-12-01,26,Productos minerales no metálicos,177.07520094748534
2018-01-01,26,Productos minerales no metálicos,178.0141773059252
2018-02-01,26,Productos minerales no metálicos,168.28235240454686
2018-03-01,26,Productos minerales no metálicos,192.51960078595232
2018-04-01,26,Productos minerales no metálicos,180.39748092788435
2018-05-01,26,Productos minerales no metálicos,178.44513563403316
2018-06-01,26,Productos minerales no metálicos,173.573295070163
2018-07-01,26,Productos minerales no metálicos,177.15896598409796
2018-08-01,26,Productos minerales no metálicos,188.5682141039781
2018-09-01,26,Productos minerales no metálicos,182.48246317887723
2018-10-01,26,Productos minerales no metálicos,189.0756775230612
2018-11-01,26,Productos minerales no metálicos,178.75835006123944
2018-12-01,26,Productos minerales no metálicos,149.29602719652482
2019-01-01,26,Productos minerales no metálicos,144.83613201010496
2019-02-01,26,Productos minerales no metálicos,160.53461943845193
2019-03-01,26,Productos minerales no metálicos,170.61630338197847
2019-04-01,26,Productos minerales no metálicos,167.22750648310353
2019-05-01,26,Productos minerales no metálicos,170.237565978098
2019-06-01,26,Productos minerales no metálicos,159.5769803270635
2019-07-01,26,Productos minerales no metálicos,169.198059527924
2019-08-01,26,Productos minerales no metálicos,184.05230405648086
2019-09-01,26,Productos minerales no metálicos,174.96101707300383
2019-10-01,26,Productos minerales no metálicos,175.88896246133802
2019-11-01,26,Productos minerales no metálicos,168.30640777136105
2019-12-01,26,Productos minerales no metálicos,144.0367665362947
2020-01-01,26,Productos minerales no metálicos,133.42068368639494
2020-02-01,26,Productos minerales no metálicos,138.3530779501744
2020-03-01,26,Productos minerales no metálicos,101.33182092609687
2020-04-01,26,Productos minerales no metálicos,48.91747634924896
2020-05-01,26,Productos minerales no metálicos,88.09535611448463
2020-06-01,26,Productos minerales no metálicos,137.26707464607378
2020-07-01,26,Productos minerales no metálicos,157.35953904450207
2020-08-01,26,Productos minerales no metálicos,171.09603180717409
2020-09-01,26,Productos minerales no metálicos,184.07789850686325
2020-10-01,26,Productos minerales no metálicos,186.66826616393138
2020-11-01,26,Productos minerales no metálicos,194.0172376273469
2020-12-01,26,Productos minerales no metálicos,182.2061647481625
2021-01-01,26,Productos minerales no metálicos,175.4138242066575
2021-02-01,26,Productos minerales no metálicos,158.21662298176796
2021-03-01,26,Productos minerales no metálicos,186.81965859181085
2021-04-01,26,Productos minerales no metálicos,179.2347819990604
2021-05-01,26,Productos minerales no metálicos,166.27609085175698
2021-06-01,26,Productos minerales no metálicos,178.97638621496236
2021-07-01,26,Productos minerales no metálicos,188.91569816340458
2021-08-01,26,Productos minerales no metálicos,197.6630721782481
2021-09-01,26,Productos minerales no metálicos,190.5263646025536
2021-10-01,26,Productos minerales no metálicos,195.3549370694461
2021-11-01,26,Productos minerales no metálicos,196.5080894933463
2021-12-01,26,Productos minerales no metálicos,185.2034985863057
2022-01-01,26,Productos minerales no metálicos,160.43963999811805
2022-02-01,26,Productos minerales no metálicos,166.90933091586362
2022-03-01,26,Productos minerales no metálicos,185.84774724821645
2022-04-01,26,Productos minerales no metálicos,190.7473492855095
2022-05-01,26,Productos minerales no metálicos,199.82033123672178
2022-06-01,26,Productos minerales no metálicos,197.05700962359697
2022-07-01,26,Productos minerales no metálicos,199.26206223625564
2022-08-01,26,Productos minerales no metálicos,210.3788913945905
2022-09-01,26,Productos minerales no metálicos,206.4760393521007
2022-10-01,26,Productos minerales no metálicos,202.5825915197147
2022-11-01,26,Productos minerales no metálicos,202.58180985470656
2022-12-01,26,Productos minerales no metálicos,182.09245159171007
2023-01-01,26,Productos minerales no metálicos,172.28284542067263
2023-02-01,26,Productos minerales no metálicos,171.64751193645517
2023-03-01,26,Productos minerales no metálicos,195.60883659783516
2023-04-01,26,Productos minerales no metálicos,180.629128885927
2023-05-01,26,Productos minerales no metálicos,189.30406150650902
2023-06-01,26,Productos minerales no metálicos,190.49972932327998
2023-07-01,26,Productos minerales no metálicos,191.56648487347044
2023-08-01,26,Productos minerales no metálicos,208.56424082425244
2023-09-01,26,Productos minerales no metálicos,200.5865359388131
2023-10-01,26,Productos minerales no metálicos,197.7575878256959
2023-11-01,26,Productos minerales no metálicos,194.62866842714445
2023-12-01,26,Productos minerales no metálicos,165.13497162014963
2024-01-01,26,Productos minerales no metálicos,145.71402303566634
2024-02-01,26,Productos minerales no metálicos,140.6020853656316
2024-03-01,26,Productos minerales no metálicos,126.19371557934289
2024-04-01,26,Productos minerales no metálicos,116.76270047272196
2024-05-01,26,Productos minerales no metálicos,128.36574090645408
2024-06-01,26,Productos minerales no metálicos,121.1856425468883
2024-07-01,26,Productos minerales no metálicos,141.21154412029387
2024-08-01,26,Productos minerales no metálicos,160.80822759558671
2024-09-01,26,Productos minerales no metálicos,161.80378057956196
2024-10-01,26,Productos minerales no metálicos,163.25633589284936
2024-11-01,26,Productos minerales no metálicos,154.5573210178555
2024-12-01,26,Productos minerales no metálicos,141.47795473161327
2025-01-01,26,Productos minerales no metálicos,121.97203506660234
2025-02-01,26,Productos minerales no metálicos,130.90943257406502
2025-03-01,26,Productos minerales no metálicos,139.0726862460061
2025-04-01,26,Productos minerales no metálicos,150.095769667044
2025-05-01,26,Productos minerales no metálicos,149.16504178716025
2025-06-01,26,Productos minerales no metálicos,146.44757687927958
2025-07-01,26,Productos minerales no metálicos,155.98636529353087
2025-08-01,26,Productos minerales no metálicos,156.0506985335403
2025-09-01,26,Productos minerales no metálicos,152.91137854652555
2025-10-01,26,Productos minerales no metálicos,166.45092461086966
2025-11-01,26,Productos minerales no metálicos,150.5013211674015
2025-12-01,26,Productos minerales no metálicos,142.40381950999236
2026-01-01,26,Productos minerales no metálicos,125.95331582833184
2026-02-01,26,Productos minerales no metálicos,120.440605566383
2026-03-01,26,Productos minerales no metálicos,148.99085561960564
2026-04-01,26,Productos minerales no metálicos,140.95874363777065
2026-05-01,26,Productos minerales no metálicos,146.13864950206835
2026-06-01,26,Productos minerales no metálicos,135.49755921322105
2026-07-01,26,Productos minerales no metálicos,136.31566592834022
2026-08-01,26,Productos minerales no metálicos,145.40149306160131
2016-01-01,27,Industrias metálicas básicas,94.7960633986088
2016-02-01,27,Industrias metálicas básicas,80.06826152925196
2016-03-01,27,Industrias metálicas básicas,100.90171178426834
2016-04-01,27,Industrias metálicas básicas,101.24516621314987
2016-05-01,27,Industrias metálicas básicas,102.46966081571969
2016-06-01,27,Industrias metálicas básicas,92.97457909843902
2016-07-01,27,Industrias metálicas básicas,95.54847272698714
2016-08-01,27,Industrias metálicas básicas,76.09078297159972
2016-09-01,27,Industrias metálicas básicas,95.36256431030874
2016-10-01,27,Industrias metálicas básicas,98.44636192993245
2016-11-01,27,Industrias metálicas básicas,100.01489982179265
2016-12-01,27,Industrias metálicas básicas,92.93397236016678
2017-01-01,27,Industrias metálicas básicas,89.11722618006709
2017-02-01,27,Industrias metálicas básicas,79.87206409920933
2017-03-01,27,Industrias metálicas básicas,104.11055659547146
2017-04-01,27,Industrias metálicas básicas,104.02294771935216
2017-05-01,27,Industrias metálicas básicas,110.58554866501684
2017-06-01,27,Industrias metálicas básicas,107.24801914719652
2017-07-01,27,Industrias metálicas básicas,117.26267698599706
2017-08-01,27,Industrias metálicas básicas,113.83032351418692
2017-09-01,27,Industrias metálicas básicas,114.16900810212915
2017-10-01,27,Industrias metálicas básicas,94.98355988816326
2017-11-01,27,Industrias metálicas básicas,112.04786363045446
2017-12-01,27,Industrias metálicas básicas,110.73525121880392
2018-01-01,27,Industrias metálicas básicas,105.48521069930986
2018-02-01,27,Industrias metálicas básicas,105.72962570776954
2018-03-01,27,Industrias metálicas básicas,119.30892495392719
2018-04-01,27,Industrias metálicas básicas,113.28061175309443
2018-05-01,27,Industrias metálicas básicas,109.48592888006706
2018-06-01,27,Industrias metálicas básicas,104.98826262066633
2018-07-01,27,Industrias metálicas básicas,112.10555894273875
2018-08-01,27,Industrias metálicas básicas,119.08406331920983
2018-09-01,27,Industrias metálicas básicas,108.23117071496364
2018-10-01,27,Industrias metálicas básicas,108.49313775182559
2018-11-01,27,Industrias metálicas básicas,101.80805352993417
2018-12-01,27,Industrias metálicas básicas,87.11144214603738
2019-01-01,27,Industrias metálicas básicas,89.42931416550904
2019-02-01,27,Industrias metálicas básicas,69.70593223424099
2019-03-01,27,Industrias metálicas básicas,101.0022146976753
2019-04-01,27,Industrias metálicas básicas,107.99154235610483
2019-05-01,27,Industrias metálicas básicas,113.09442032293096
2019-06-01,27,Industrias metálicas básicas,100.04476741147381
2019-07-01,27,Industrias metálicas básicas,107.1196084608507
2019-08-01,27,Industrias metálicas básicas,108.10097060774758
2019-09-01,27,Industrias metálicas básicas,98.8724184123633
2019-10-01,27,Industrias metálicas básicas,111.88747365677135
2019-11-01,27,Industrias metálicas básicas,95.96063348636132
2019-12-01,27,Industrias metálicas básicas,87.96530189651979
2020-01-01,27,Industrias metálicas básicas,85.85367065520624
2020-02-01,27,Industrias metálicas básicas,77.37449578029513
2020-03-01,27,Industrias metálicas básicas,72.16700868914126
2020-04-01,27,Industrias metálicas básicas,37.239417996580066
2020-05-01,27,Industrias metálicas básicas,51.26737133344861
2020-06-01,27,Industrias metálicas básicas,61.971140820657986
2020-07-01,27,Industrias metálicas básicas,75.03282209637528
2020-08-01,27,Industrias metálicas básicas,80.5930630902855
2020-09-01,27,Industrias metálicas básicas,82.81742368873725
2020-10-01,27,Industrias metálicas básicas,99.40221002900589
2020-11-01,27,Industrias metálicas básicas,97.30455381851621
2020-12-01,27,Industrias metálicas básicas,96.67742507011646
2021-01-01,27,Industrias metálicas básicas,99.20732304046118
2021-02-01,27,Industrias metálicas básicas,90.92442736265305
2021-03-01,27,Industrias metálicas básicas,103.06839461537588
2021-04-01,27,Industrias metálicas básicas,99.76847326002526
2021-05-01,27,Industrias metálicas básicas,95.22242079153236
2021-06-01,27,Industrias metálicas básicas,100.63978766036797
2021-07-01,27,Industrias metálicas básicas,105.55248032688503
2021-08-01,27,Industrias metálicas básicas,104.36870037056093
2021-09-01,27,Industrias metálicas básicas,100.5233754752199
2021-10-01,27,Industrias metálicas básicas,104.77385620644124
2021-11-01,27,Industrias metálicas básicas,101.26217921772495
2021-12-01,27,Industrias metálicas básicas,102.7808697473765
2022-01-01,27,Industrias metálicas básicas,95.04464548367392
2022-02-01,27,Industrias metálicas básicas,92.2304337964201
2022-03-01,27,Industrias metálicas básicas,103.89042913379325
2022-04-01,27,Industrias metálicas básicas,79.34153700202481
2022-05-01,27,Industrias metálicas básicas,101.05877683299823
2022-06-01,27,Industrias metálicas básicas,109.06011926211488
2022-07-01,27,Industrias metálicas básicas,109.41314444253219
2022-08-01,27,Industrias metálicas básicas,112.42653825885162
2022-09-01,27,Industrias metálicas básicas,106.73890287564772
2022-10-01,27,Industrias metálicas básicas,111.3306403487873
2022-11-01,27,Industrias metálicas básicas,106.326944021897
2022-12-01,27,Industrias metálicas básicas,104.53544941401199
2023-01-01,27,Industrias metálicas básicas,104.91203493378393
2023-02-01,27,Industrias metálicas básicas,93.24688840032725
2023-03-01,27,Industrias metálicas básicas,112.31122918250439
2023-04-01,27,Industrias metálicas básicas,108.62158595833719
2023-05-01,27,Industrias metálicas básicas,110.92408404415602
2023-06-01,27,Industrias metálicas básicas,111.96104811794659
2023-07-01,27,Industrias metálicas básicas,98.64426809734354
2023-08-01,27,Industrias metálicas básicas,105.72014055356333
2023-09-01,27,Industrias metálicas básicas,105.47543912563366
2023-10-01,27,Industrias metálicas básicas,109.02638974386608
2023-11-01,27,Industrias metálicas básicas,98.8578659489764
2023-12-01,27,Industrias metálicas básicas,77.83759172192921
2024-01-01,27,Industrias metálicas básicas,85.6091893165481
2024-02-01,27,Industrias metálicas básicas,71.60075484339654
2024-03-01,27,Industrias metálicas básicas,73.7436329526055
2024-04-01,27,Industrias metálicas básicas,87.60555888005827
2024-05-01,27,Industrias metálicas básicas,83.11546156409497
2024-06-01,27,Industrias metálicas básicas,77.01697294277797
2024-07-01,27,Industrias metálicas básicas,88.86772384780434
2024-08-01,27,Industrias metálicas básicas,94.38065094790575
2024-09-01,27,Industrias metálicas básicas,90.29349736053054
2024-10-01,27,Industrias metálicas básicas,96.68891341042287
2024-11-01,27,Industrias metálicas básicas,92.33520219379207
2024-12-01,27,Industrias metálicas básicas,80.02731294793928
2025-01-01,27,Industrias metálicas básicas,83.91086115380716
2025-02-01,27,Industrias metálicas básicas,63.82086852533115
2025-03-01,27,Industrias metálicas básicas,89.20994482344268
2025-04-01,27,Industrias metálicas básicas,93.79127766541784
2025-05-01,27,Industrias metálicas básicas,96.09514469697889
2025-06-01,27,Industrias metálicas básicas,82.2894641756615
2025-07-01,27,Industrias metálicas básicas,87.0182423230458
2025-08-01,27,Industrias metálicas básicas,90.21790063249652
2025-09-01,27,Industrias metálicas básicas,89.51433893212798
2025-10-01,27,Industrias metálicas básicas,97.40330281685789
2025-11-01,27,Industrias metálicas básicas,89.05726241652258
2025-12-01,27,Industrias metálicas básicas,85.52621634124908
2026-01-01,27,Industrias metálicas básicas,83.86251877903298
2026-02-01,27,Industrias metálicas básicas,56.14303902575461
2026-03-01,27,Industrias metálicas básicas,80.82225713411027
2026-04-01,27,Industrias metálicas básicas,83.77544701365503
2026-05-01,27,Industrias metálicas básicas,92.39400693437207
2026-06-01,27,Industrias metálicas básicas,92.14532110058764
2026-07-01,27,Industrias metálicas básicas,88.5309321225029
2026-08-01,27,Industrias metálicas básicas,93.19976102718572
2016-01-01,28,Productos de metal,109.0918228586668
2016-02-01,28,Productos de metal,105.93590527958594
2016-03-01,28,Productos de metal,124.94458309102679
2016-04-01,28,Productos de metal,113.97378747830409
2016-05-01,28,Productos de metal,115.33640085672624
2016-06-01,28,Productos de metal,111.5046359986854
2016-07-01,28,Productos de metal,113.57456180127978
2016-08-01,28,Productos de metal,118.71793865872334
2016-09-01,28,Productos de metal,121.44157684825966
2016-10-01,28,Productos de metal,114.80700557723982
2016-11-01,28,Productos de metal,120.91649425678182
2016-12-01,28,Productos de metal,113.50960482383616
2017-01-01,28,Productos de metal,103.36714805096747
2017-02-01,28,Productos de metal,95.57367605238925
2017-03-01,28,Productos de metal,122.32826712082235
2017-04-01,28,Productos de metal,111.41916907872479
2017-05-01,28,Productos de metal,125.3104153652006
2017-06-01,28,Productos de metal,118.23802546833608
2017-07-01,28,Productos de metal,125.46274200434135
2017-08-01,28,Productos de metal,138.07492995139881
2017-09-01,28,Productos de metal,134.78279413198172
2017-10-01,28,Productos de metal,137.90847680163898
2017-11-01,28,Productos de metal,146.62210422484574
2017-12-01,28,Productos de metal,127.84819192612093
2018-01-01,28,Productos de metal,117.85896607513635
2018-02-01,28,Productos de metal,105.02542387455516
2018-03-01,28,Productos de metal,127.46848143453632
2018-04-01,28,Productos de metal,124.53274756986379
2018-05-01,28,Productos de metal,130.21777964027754
2018-06-01,28,Productos de metal,122.05101055049299
2018-07-01,28,Productos de metal,124.45613199281595
2018-08-01,28,Productos de metal,129.72992679250933
2018-09-01,28,Productos de metal,120.50238311202683
2018-10-01,28,Productos de metal,127.70112869026985
2018-11-01,28,Productos de metal,125.39977263059299
2018-12-01,28,Productos de metal,110.37627214054775
2019-01-01,28,Productos de metal,112.43607023742975
2019-02-01,28,Productos de metal,102.65395863155706
2019-03-01,28,Productos de metal,115.42589579414081
2019-04-01,28,Productos de metal,116.25908819649636
2019-05-01,28,Productos de metal,123.36120025182343
2019-06-01,28,Productos de metal,107.36160801056036
2019-07-01,28,Productos de metal,114.94630550072793
2019-08-01,28,Productos de metal,114.33157915482629
2019-09-01,28,Productos de metal,109.06020871304055
2019-10-01,28,Productos de metal,116.77533974611198
2019-11-01,28,Productos de metal,106.70787828646989
2019-12-01,28,Productos de metal,92.82916789654361
2020-01-01,28,Productos de metal,89.89200219406
2020-02-01,28,Productos de metal,89.44186103816196
2020-03-01,28,Productos de metal,76.25370913534822
2020-04-01,28,Productos de metal,44.164379847481875
2020-05-01,28,Productos de metal,69.05918160547024
2020-06-01,28,Productos de metal,89.22818390692613
2020-07-01,28,Productos de metal,96.8194212319777
2020-08-01,28,Productos de metal,101.28824610119862
2020-09-01,28,Productos de metal,103.83194075108943
2020-10-01,28,Productos de metal,101.79164210496367
2020-11-01,28,Productos de metal,101.58558684981567
2020-12-01,28,Productos de metal,91.97090822488188
2021-01-01,28,Productos de metal,93.03168179402614
2021-02-01,28,Productos de metal,91.98280600443759
2021-03-01,28,Productos de metal,111.2409956227771
2021-04-01,28,Productos de metal,111.5722887711409
2021-05-01,28,Productos de metal,105.2016755549947
2021-06-01,28,Productos de metal,116.04364893983146
2021-07-01,28,Productos de metal,112.9671896563531
2021-08-01,28,Productos de metal,111.84486173367634
2021-09-01,28,Productos de metal,114.69713678765311
2021-10-01,28,Productos de metal,107.99854427099102
2021-11-01,28,Productos de metal,111.91606521472413
2021-12-01,28,Productos de metal,100.56239396098483
2022-01-01,28,Productos de metal,88.95689681648902
2022-02-01,28,Productos de metal,95.48676644066154
2022-03-01,28,Productos de metal,111.50091221436641
2022-04-01,28,Productos de metal,109.24669639453225
2022-05-01,28,Productos de metal,111.22955495241814
2022-06-01,28,Productos de metal,107.69796037698598
2022-07-01,28,Productos de metal,116.03191667259463
2022-08-01,28,Productos de metal,122.40248370085261
2022-09-01,28,Productos de metal,120.78961589728965
2022-10-01,28,Productos de metal,114.18017665385335
2022-11-01,28,Productos de metal,119.0984866493247
2022-12-01,28,Productos de metal,102.41559330169545
2023-01-01,28,Productos de metal,106.46457982877315
2023-02-01,28,Productos de metal,99.1696869425319
2023-03-01,28,Productos de metal,119.15760107493597
2023-04-01,28,Productos de metal,111.16009491859768
2023-05-01,28,Productos de metal,110.39911618835379
2023-06-01,28,Productos de metal,109.76965840954276
2023-07-01,28,Productos de metal,110.7719501345878
2023-08-01,28,Productos de metal,122.65979746008826
2023-09-01,28,Productos de metal,116.64554475400425
2023-10-01,28,Productos de metal,113.62500776658162
2023-11-01,28,Productos de metal,111.9173466017872
2023-12-01,28,Productos de metal,85.10840697693219
2024-01-01,28,Productos de metal,90.14673554278392
2024-02-01,28,Productos de metal,92.03085009663761
2024-03-01,28,Productos de metal,87.93599377101684
2024-04-01,28,Productos de metal,90.12273078059611
2024-05-01,28,Productos de metal,98.93225695459509
2024-06-01,28,Productos de metal,87.01137124190129
2024-07-01,28,Productos de metal,101.27635985033315
2024-08-01,28,Productos de metal,109.58906302070793
2024-09-01,28,Productos de metal,103.06180518364513
2024-10-01,28,Productos de metal,99.79256690395611
2024-11-01,28,Productos de metal,97.73863447099517
2024-12-01,28,Productos de metal,86.03707693290058
2025-01-01,28,Productos de metal,86.11809454142956
2025-02-01,28,Productos de metal,81.55688698404961
2025-03-01,28,Productos de metal,81.45448634389388
2025-04-01,28,Productos de metal,84.96684347180825
2025-05-01,28,Productos de metal,85.6563710371644
2025-06-01,28,Productos de metal,83.53235521343177
2025-07-01,28,Productos de metal,92.54436380203461
2025-08-01,28,Productos de metal,90.13387647201753
2025-09-01,28,Productos de metal,90.40721728127484
2025-10-01,28,Productos de metal,90.39244714094299
2025-11-01,28,Productos de metal,81.49528788956908
2025-12-01,28,Productos de metal,78.88614396695408
2026-01-01,28,Productos de metal,79.37593368066906
2026-02-01,28,Productos de metal,77.12867160254405
2026-03-01,28,Productos de metal,89.15052601453547
2026-04-01,28,Productos de metal,83.70926910468783
2026-05-01,28,Productos de metal,84.44019588869712
2026-06-01,28,Productos de metal,86.57702684823042
2026-07-01,28,Productos de metal,84.8623885550746
2026-08-01,28,Productos de metal,81.49254811707966
2016-01-01,29,Maquinaria y equipo,118.26385336994944
2016-02-01,29,Maquinaria y equipo,132.20384140671027
2016-03-01,29,Maquinaria y equipo,156.4699353251079
2016-04-01,29,Maquinaria y equipo,136.6359148965203
2016-05-01,29,Maquinaria y equipo,146.9810679018237
2016-06-01,29,Maquinaria y equipo,147.24742750186587
2016-07-01,29,Maquinaria y equipo,136.92596667642425
2016-08-01,29,Maquinaria y equipo,148.44097593621655
2016-09-01,29,Maquinaria y equipo,159.62476225333626
2016-10-01,29,Maquinaria y equipo,163.43830595974003
2016-11-01,29,Maquinaria y equipo,161.42481540854428
2016-12-01,29,Maquinaria y equipo,153.1792211761529
2017-01-01,29,Maquinaria y equipo,116.62055334062943
2017-02-01,29,Maquinaria y equipo,127.39685520904274
2017-03-01,29,Maquinaria y equipo,154.6327153033868
2017-04-01,29,Maquinaria y equipo,164.48008703261743
2017-05-01,29,Maquinaria y equipo,163.937402320752
2017-06-01,29,Maquinaria y equipo,174.83352606652392
2017-07-01,29,Maquinaria y equipo,168.81087039358138
2017-08-01,29,Maquinaria y equipo,181.20590404548085
2017-09-01,29,Maquinaria y equipo,182.20667369175183
2017-10-01,29,Maquinaria y equipo,209.38266029472015
2017-11-01,29,Maquinaria y equipo,189.29213866287603
2017-12-01,29,Maquinaria y equipo,152.38284512306518
2018-01-01,29,Maquinaria y equipo,120.44776695666641
2018-02-01,29,Maquinaria y equipo,142.94577335769273
2018-03-01,29,Maquinaria y equipo,162.8393657007803
2018-04-01,29,Maquinaria y equipo,153.9487370558042
2018-05-01,29,Maquinaria y equipo,145.27908989236417
2018-06-01,29,Maquinaria y equipo,135.76829317845744
2018-07-01,29,Maquinaria y equipo,128.34409703970292
2018-08-01,29,Maquinaria y equipo,148.89416410941772
2018-09-01,29,Maquinaria y equipo,127.68559556929686
2018-10-01,29,Maquinaria y equipo,131.28477519771582
2018-11-01,29,Maquinaria y equipo,115.47212086150871
2018-12-01,29,Maquinaria y equipo,108.97332970364764
2019-01-01,29,Maquinaria y equipo,66.28360865401086
2019-02-01,29,Maquinaria y equipo,98.7711120397778
2019-03-01,29,Maquinaria y equipo,119.58140914834325
2019-04-01,29,Maquinaria y equipo,118.07272429190947
2019-05-01,29,Maquinaria y equipo,122.79438987625326
2019-06-01,29,Maquinaria y equipo,122.72184363535678
2019-07-01,29,Maquinaria y equipo,129.7515081946258
2019-08-01,29,Maquinaria y equipo,127.61840777167725
2019-09-01,29,Maquinaria y equipo,116.38497427978736
2019-10-01,29,Maquinaria y equipo,133.0535987019758
2019-11-01,29,Maquinaria y equipo,112.84308462897307
2019-12-01,29,Maquinaria y equipo,118.94333199528498
2020-01-01,29,Maquinaria y equipo,86.48383860988625
2020-02-01,29,Maquinaria y equipo,108.67847857658433
2020-03-01,29,Maquinaria y equipo,91.75945058601037
2020-04-01,29,Maquinaria y equipo,65.22066966168535
2020-05-01,29,Maquinaria y equipo,92.61268519307036
2020-06-01,29,Maquinaria y equipo,120.03161052126887
2020-07-01,29,Maquinaria y equipo,126.3164621006881
2020-08-01,29,Maquinaria y equipo,134.08557286528654
2020-09-01,29,Maquinaria y equipo,142.3704211322095
2020-10-01,29,Maquinaria y equipo,167.2880008023674
2020-11-01,29,Maquinaria y equipo,145.92901088136375
2020-12-01,29,Maquinaria y equipo,159.91433261453156
2021-01-01,29,Maquinaria y equipo,108.64832916851773
2021-02-01,29,Maquinaria y equipo,124.99066410349191
2021-03-01,29,Maquinaria y equipo,174.0146153016863
2021-04-01,29,Maquinaria y equipo,168.68455897165188
2021-05-01,29,Maquinaria y equipo,159.8667920936895
2021-06-01,29,Maquinaria y equipo,165.3772427464513
2021-07-01,29,Maquinaria y equipo,165.03491864029183
2021-08-01,29,Maquinaria y equipo,178.3303928961094
2021-09-01,29,Maquinaria y equipo,192.70259822015635
2021-10-01,29,Maquinaria y equipo,179.1947216657477
2021-11-01,29,Maquinaria y equipo,172.53070886957127
2021-12-01,29,Maquinaria y equipo,182.1705145418002
2022-01-01,29,Maquinaria y equipo,123.96685403151069
2022-02-01,29,Maquinaria y equipo,158.81091195909025
2022-03-01,29,Maquinaria y equipo,187.7518842660533
2022-04-01,29,Maquinaria y equipo,208.3446399452133
2022-05-01,29,Maquinaria y equipo,188.18410182732873
2022-06-01,29,Maquinaria y equipo,201.69032069833273
2022-07-01,29,Maquinaria y equipo,203.01397357875464
2022-08-01,29,Maquinaria y equipo,203.21265275958785
2022-09-01,29,Maquinaria y equipo,205.75470034113553
2022-10-01,29,Maquinaria y equipo,176.51439506868607
2022-11-01,29,Maquinaria y equipo,164.08466920096612
2022-12-01,29,Maquinaria y equipo,186.13116883322581
2023-01-01,29,Maquinaria y equipo,132.73790951501556
2023-02-01,29,Maquinaria y equipo,156.41835662589395
2023-03-01,29,Maquinaria y equipo,201.55858062378087
2023-04-01,29,Maquinaria y equipo,203.38830751080997
2023-05-01,29,Maquinaria y equipo,183.8520935494968
2023-06-01,29,Maquinaria y equipo,190.88913380706816
2023-07-01,29,Maquinaria y equipo,176.90167438837688
2023-08-01,29,Maquinaria y equipo,198.0824060082079
2023-09-01,29,Maquinaria y equipo,185.8478436546431
2023-10-01,29,Maquinaria y equipo,184.52410837067046
2023-11-01,29,Maquinaria y equipo,151.11321119432233
2023-12-01,29,Maquinaria y equipo,116.48682534345058
2024-01-01,29,Maquinaria y equipo,87.38707507809534
2024-02-01,29,Maquinaria y equipo,103.28720433735656
2024-03-01,29,Maquinaria y equipo,123.80355734778938
2024-04-01,29,Maquinaria y equipo,143.53935513003475
2024-05-01,29,Maquinaria y equipo,142.3098050452459
2024-06-01,29,Maquinaria y equipo,127.79744668181866
2024-07-01,29,Maquinaria y equipo,161.41406699907301
2024-08-01,29,Maquinaria y equipo,160.44535522525257
2024-09-01,29,Maquinaria y equipo,155.63938980824648
2024-10-01,29,Maquinaria y equipo,169.85152637651797
2024-11-01,29,Maquinaria y equipo,162.97941720073914
2024-12-01,29,Maquinaria y equipo,156.40801304951677
2025-01-01,29,Maquinaria y equipo,110.5987092738396
2025-02-01,29,Maquinaria y equipo,138.24377348679153
2025-03-01,29,Maquinaria y equipo,151.5651790304639
2025-04-01,29,Maquinaria y equipo,173.77246857238836
2025-05-01,29,Maquinaria y equipo,156.91105729309334
2025-06-01,29,Maquinaria y equipo,150.1292453785341
2025-07-01,29,Maquinaria y equipo,155.68706817379493
2025-08-01,29,Maquinaria y equipo,147.29347143929974
2025-09-01,29,Maquinaria y equipo,164.54493710048476
2025-10-01,29,Maquinaria y equipo,166.3827189584313
2025-11-01,29,Maquinaria y equipo,132.58036159030297
2025-12-01,29,Maquinaria y equipo,132.9121466852517
2026-01-01,29,Maquinaria y equipo,88.98330051601346
2026-02-01,29,Maquinaria y equipo,98.86330777333113
2026-03-01,29,Maquinaria y equipo,135.2416472020088
2026-04-01,29,Maquinaria y equipo,143.16823571126727
2026-05-01,29,Maquinaria y equipo,120.35374373964159
2026-06-01,29,Maquinaria y equipo,123.40834544724366
2026-07-01,29,Maquinaria y equipo,114.98419227777336
2026-08-01,29,Maquinaria y equipo,111.94430524538231
2016-01-01,30-33,"Otros equipos, aparatos e instrumentos",133.3201206881297
2016-02-01,30-33,"Otros equipos, aparatos e instrumentos",157.27953051480023
2016-03-01,30-33,"Otros equipos, aparatos e instrumentos",187.5511417132777
2016-04-01,30-33,"Otros equipos, aparatos e instrumentos",175.2442574488149
2016-05-01,30-33,"Otros equipos, aparatos e instrumentos",161.58221056050584
2016-06-01,30-33,"Otros equipos, aparatos e instrumentos",149.937904774553
2016-07-01,30-33,"Otros equipos, aparatos e instrumentos",144.3643160909482
2016-08-01,30-33,"Otros equipos, aparatos e instrumentos",161.565789535321
2016-09-01,30-33,"Otros equipos, aparatos e instrumentos",165.64788729693007
2016-10-01,30-33,"Otros equipos, aparatos e instrumentos",153.65794166055906
2016-11-01,30-33,"Otros equipos, aparatos e instrumentos",169.28264965807207
2016-12-01,30-33,"Otros equipos, aparatos e instrumentos",125.5901008243455
2017-01-01,30-33,"Otros equipos, aparatos e instrumentos",105.60853804780058
2017-02-01,30-33,"Otros equipos, aparatos e instrumentos",131.4184565137584
2017-03-01,30-33,"Otros equipos, aparatos e instrumentos",166.5951272856616
2017-04-01,30-33,"Otros equipos, aparatos e instrumentos",147.50692588353306
2017-05-01,30-33,"Otros equipos, aparatos e instrumentos",170.52609056627708
2017-06-01,30-33,"Otros equipos, aparatos e instrumentos",167.18154121316755
2017-07-01,30-33,"Otros equipos, aparatos e instrumentos",168.80750464638143
2017-08-01,30-33,"Otros equipos, aparatos e instrumentos",209.8405222466814
2017-09-01,30-33,"Otros equipos, aparatos e instrumentos",193.81194853216564
2017-10-01,30-33,"Otros equipos, aparatos e instrumentos",201.91706029224383
2017-11-01,30-33,"Otros equipos, aparatos e instrumentos",191.255507717693
2017-12-01,30-33,"Otros equipos, aparatos e instrumentos",146.85779436339254
2018-01-01,30-33,"Otros equipos, aparatos e instrumentos",117.77065267310012
2018-02-01,30-33,"Otros equipos, aparatos e instrumentos",146.35567275830184
2018-03-01,30-33,"Otros equipos, aparatos e instrumentos",175.11294622640577
2018-04-01,30-33,"Otros equipos, aparatos e instrumentos",162.09769932534726
2018-05-01,30-33,"Otros equipos, aparatos e instrumentos",168.4391231902292
2018-06-01,30-33,"Otros equipos, aparatos e instrumentos",130.32664892953784
2018-07-01,30-33,"Otros equipos, aparatos e instrumentos",130.25651393031484
2018-08-01,30-33,"Otros equipos, aparatos e instrumentos",141.6308218015535
2018-09-01,30-33,"Otros equipos, aparatos e instrumentos",110.23790240904714
2018-10-01,30-33,"Otros equipos, aparatos e instrumentos",131.0964212938824
2018-11-01,30-33,"Otros equipos, aparatos e instrumentos",121.18746185974243
2018-12-01,30-33,"Otros equipos, aparatos e instrumentos",100.00469787450689
2019-01-01,30-33,"Otros equipos, aparatos e instrumentos",87.41296516326132
2019-02-01,30-33,"Otros equipos, aparatos e instrumentos",106.5938951694057
2019-03-01,30-33,"Otros equipos, aparatos e instrumentos",118.82439120515022
2019-04-01,30-33,"Otros equipos, aparatos e instrumentos",122.53617876964559
2019-05-01,30-33,"Otros equipos, aparatos e instrumentos",136.34543246795715
2019-06-01,30-33,"Otros equipos, aparatos e instrumentos",119.95521623041624
2019-07-01,30-33,"Otros equipos, aparatos e instrumentos",142.38129651139798
2019-08-01,30-33,"Otros equipos, aparatos e instrumentos",137.88508163695377
2019-09-01,30-33,"Otros equipos, aparatos e instrumentos",113.2852214143105
2019-10-01,30-33,"Otros equipos, aparatos e instrumentos",123.06726755072043
2019-11-01,30-33,"Otros equipos, aparatos e instrumentos",107.51535168519072
2019-12-01,30-33,"Otros equipos, aparatos e instrumentos",95.98736878513809
2020-01-01,30-33,"Otros equipos, aparatos e instrumentos",88.83680218306253
2020-02-01,30-33,"Otros equipos, aparatos e instrumentos",96.52082768402111
2020-03-01,30-33,"Otros equipos, aparatos e instrumentos",71.5605550525571
2020-04-01,30-33,"Otros equipos, aparatos e instrumentos",30.69276727043205
2020-05-01,30-33,"Otros equipos, aparatos e instrumentos",66.09600448817716
2020-06-01,30-33,"Otros equipos, aparatos e instrumentos",101.0123245999497
2020-07-01,30-33,"Otros equipos, aparatos e instrumentos",116.12216442212063
2020-08-01,30-33,"Otros equipos, aparatos e instrumentos",97.66380800593755
2020-09-01,30-33,"Otros equipos, aparatos e instrumentos",125.41297801766542
2020-10-01,30-33,"Otros equipos, aparatos e instrumentos",128.19841789713377
2020-11-01,30-33,"Otros equipos, aparatos e instrumentos",139.34241284640464
2020-12-01,30-33,"Otros equipos, aparatos e instrumentos",121.60613373277037
2021-01-01,30-33,"Otros equipos, aparatos e instrumentos",95.07498479011662
2021-02-01,30-33,"Otros equipos, aparatos e instrumentos",111.7035464142123
2021-03-01,30-33,"Otros equipos, aparatos e instrumentos",146.2993069401492
2021-04-01,30-33,"Otros equipos, aparatos e instrumentos",127.81603969265731
2021-05-01,30-33,"Otros equipos, aparatos e instrumentos",117.76396202500453
2021-06-01,30-33,"Otros equipos, aparatos e instrumentos",137.95530637463915
2021-07-01,30-33,"Otros equipos, aparatos e instrumentos",136.5862866185955
2021-08-01,30-33,"Otros equipos, aparatos e instrumentos",137.8100165383564
2021-09-01,30-33,"Otros equipos, aparatos e instrumentos",136.52797553161733
2021-10-01,30-33,"Otros equipos, aparatos e instrumentos",120.09087154815734
2021-11-01,30-33,"Otros equipos, aparatos e instrumentos",133.70704417418455
2021-12-01,30-33,"Otros equipos, aparatos e instrumentos",129.89496249577343
2022-01-01,30-33,"Otros equipos, aparatos e instrumentos",95.4910076857974
2022-02-01,30-33,"Otros equipos, aparatos e instrumentos",117.2742121326919
2022-03-01,30-33,"Otros equipos, aparatos e instrumentos",136.40829226625945
2022-04-01,30-33,"Otros equipos, aparatos e instrumentos",119.41205090775456
2022-05-01,30-33,"Otros equipos, aparatos e instrumentos",147.15250840689404
2022-06-01,30-33,"Otros equipos, aparatos e instrumentos",178.67784923815066
2022-07-01,30-33,"Otros equipos, aparatos e instrumentos",157.9761750996825
2022-08-01,30-33,"Otros equipos, aparatos e instrumentos",132.41508946135568
2022-09-01,30-33,"Otros equipos, aparatos e instrumentos",135.2703277852452
2022-10-01,30-33,"Otros equipos, aparatos e instrumentos",138.47888612610902
2022-11-01,30-33,"Otros equipos, aparatos e instrumentos",146.85170349595322
2022-12-01,30-33,"Otros equipos, aparatos e instrumentos",126.19906299774257
2023-01-01,30-33,"Otros equipos, aparatos e instrumentos",96.27694322724712
2023-02-01,30-33,"Otros equipos, aparatos e instrumentos",117.26676772817387
2023-03-01,30-33,"Otros equipos, aparatos e instrumentos",160.27807329365868
2023-04-01,30-33,"Otros equipos, aparatos e instrumentos",134.93674985091613
2023-05-01,30-33,"Otros equipos, aparatos e instrumentos",140.81838943791135
2023-06-01,30-33,"Otros equipos, aparatos e instrumentos",142.16233802184394
2023-07-01,30-33,"Otros equipos, aparatos e instrumentos",125.2991290073356
2023-08-01,30-33,"Otros equipos, aparatos e instrumentos",146.54421034016943
2023-09-01,30-33,"Otros equipos, aparatos e instrumentos",137.0853199980506
2023-10-01,30-33,"Otros equipos, aparatos e instrumentos",135.518729033283
2023-11-01,30-33,"Otros equipos, aparatos e instrumentos",122.29000526571848
2023-12-01,30-33,"Otros equipos, aparatos e instrumentos",73.01668758896959
2024-01-01,30-33,"Otros equipos, aparatos e instrumentos",64.73324165280467
2024-02-01,30-33,"Otros equipos, aparatos e instrumentos",79.33151688827941
2024-03-01,30-33,"Otros equipos, aparatos e instrumentos",91.41063880272598
2024-04-01,30-33,"Otros equipos, aparatos e instrumentos",88.4476893539712
2024-05-01,30-33,"Otros equipos, aparatos e instrumentos",101.18864699463035
2024-06-01,30-33,"Otros equipos, aparatos e instrumentos",88.94462801505968
2024-07-01,30-33,"Otros equipos, aparatos e instrumentos",116.83653546418124
2024-08-01,30-33,"Otros equipos, aparatos e instrumentos",131.03486588091886
2024-09-01,30-33,"Otros equipos, aparatos e instrumentos",119.77898957958809
2024-10-01,30-33,"Otros equipos, aparatos e instrumentos",126.55160815265387
2024-11-01,30-33,"Otros equipos, aparatos e instrumentos",126.49586678810063
2024-12-01,30-33,"Otros equipos, aparatos e instrumentos",122.36237094478501
2025-01-01,30-33,"Otros equipos, aparatos e instrumentos",97.17784917992542
2025-02-01,30-33,"Otros equipos, aparatos e instrumentos",108.95672843596178
2025-03-01,30-33,"Otros equipos, aparatos e instrumentos",109.08445936328461
2025-04-01,30-33,"Otros equipos, aparatos e instrumentos",113.0376505751139
2025-05-01,30-33,"Otros equipos, aparatos e instrumentos",106.60145981987186
2025-06-01,30-33,"Otros equipos, aparatos e instrumentos",128.97454965680922
2025-07-01,30-33,"Otros equipos, aparatos e instrumentos",138.26756296690633
2025-08-01,30-33,"Otros equipos, aparatos e instrumentos",126.31517957869396
2025-09-01,30-33,"Otros equipos, aparatos e instrumentos",130.84869581376194
2025-10-01,30-33,"Otros equipos, aparatos e instrumentos",129.63881973672824
2025-11-01,30-33,"Otros equipos, aparatos e instrumentos",109.60746792461615
2025-12-01,30-33,"Otros equipos, aparatos e instrumentos",92.2901853711349
2026-01-01,30-33,"Otros equipos, aparatos e instrumentos",66.857302603068
2026-02-01,30-33,"Otros equipos, aparatos e instrumentos",86.30459343995673
2026-03-01,30-33,"Otros equipos, aparatos e instrumentos",107.58813939666628
2026-04-01,30-33,"Otros equipos, aparatos e instrumentos",102.78813475944365
2026-05-01,30-33,"Otros equipos, aparatos e instrumentos",94.38868159386332
2026-06-01,30-33,"Otros equipos, aparatos e instrumentos",96.36765122922877
2026-07-01,30-33,"Otros equipos, aparatos e instrumentos",94.87160649684027
2026-08-01,30-33,"Otros equipos, aparatos e instrumentos",100.29520449831158
2016-01-01,34,"Vehículos automotores, carrocerías, remolques y autopartes",63.268128716067245
2016-02-01,34,"Vehículos automotores, carrocerías, remolques y autopartes",113.13788419960012
2016-03-01,34,"Vehículos automotores, carrocerías, remolques y autopartes",151.33603399603416
2016-04-01,34,"Vehículos automotores, carrocerías, remolques y autopartes",140.17021883323557
2016-05-01,34,"Vehículos automotores, carrocerías, remolques y autopartes",136.20395313548048
2016-06-01,34,"Vehículos automotores, carrocerías, remolques y autopartes",133.6557079686809
2016-07-01,34,"Vehículos automotores, carrocerías, remolques y autopartes",129.05932147449377
2016-08-01,34,"Vehículos automotores, carrocerías, remolques y autopartes",146.19191001328073
2016-09-01,34,"Vehículos automotores, carrocerías, remolques y autopartes",141.05773996372108
2016-10-01,34,"Vehículos automotores, carrocerías, remolques y autopartes",137.15451009978426
2016-11-01,34,"Vehículos automotores, carrocerías, remolques y autopartes",162.49675009738945
2016-12-01,34,"Vehículos automotores, carrocerías, remolques y autopartes",134.99984430027448
2017-01-01,34,"Vehículos automotores, carrocerías, remolques y autopartes",92.73000329443187
2017-02-01,34,"Vehículos automotores, carrocerías, remolques y autopartes",103.17997263047486
2017-03-01,34,"Vehículos automotores, carrocerías, remolques y autopartes",153.3290132899596
2017-04-01,34,"Vehículos automotores, carrocerías, remolques y autopartes",134.31656464746462
2017-05-01,34,"Vehículos automotores, carrocerías, remolques y autopartes",157.17987253097672
2017-06-01,34,"Vehículos automotores, carrocerías, remolques y autopartes",159.1146396372308
2017-07-01,34,"Vehículos automotores, carrocerías, remolques y autopartes",138.38203954158524
2017-08-01,34,"Vehículos automotores, carrocerías, remolques y autopartes",162.3539229113125
2017-09-01,34,"Vehículos automotores, carrocerías, remolques y autopartes",164.26800031398034
2017-10-01,34,"Vehículos automotores, carrocerías, remolques y autopartes",162.19002975279426
2017-11-01,34,"Vehículos automotores, carrocerías, remolques y autopartes",163.26988703134336
2017-12-01,34,"Vehículos automotores, carrocerías, remolques y autopartes",133.28539865835498
2018-01-01,34,"Vehículos automotores, carrocerías, remolques y autopartes",85.98781463619956
2018-02-01,34,"Vehículos automotores, carrocerías, remolques y autopartes",141.85392533473612
2018-03-01,34,"Vehículos automotores, carrocerías, remolques y autopartes",176.31000010642956
2018-04-01,34,"Vehículos automotores, carrocerías, remolques y autopartes",163.5817900339505
2018-05-01,34,"Vehículos automotores, carrocerías, remolques y autopartes",170.4915267369818
2018-06-01,34,"Vehículos automotores, carrocerías, remolques y autopartes",149.62421284334732
2018-07-01,34,"Vehículos automotores, carrocerías, remolques y autopartes",152.4302160661297
2018-08-01,34,"Vehículos automotores, carrocerías, remolques y autopartes",181.5508169871942
2018-09-01,34,"Vehículos automotores, carrocerías, remolques y autopartes",140.18515784089686
2018-10-01,34,"Vehículos automotores, carrocerías, remolques y autopartes",160.3106387205686
2018-11-01,34,"Vehículos automotores, carrocerías, remolques y autopartes",149.98157138078756
2018-12-01,34,"Vehículos automotores, carrocerías, remolques y autopartes",98.99513438901823
2019-01-01,34,"Vehículos automotores, carrocerías, remolques y autopartes",69.93382490146921
2019-02-01,34,"Vehículos automotores, carrocerías, remolques y autopartes",126.30380385256267
2019-03-01,34,"Vehículos automotores, carrocerías, remolques y autopartes",122.80126978388257
2019-04-01,34,"Vehículos automotores, carrocerías, remolques y autopartes",126.63886317696237
2019-05-01,34,"Vehículos automotores, carrocerías, remolques y autopartes",132.33303448494706
2019-06-01,34,"Vehículos automotores, carrocerías, remolques y autopartes",106.70280408380624
2019-07-01,34,"Vehículos automotores, carrocerías, remolques y autopartes",112.36332183905586
2019-08-01,34,"Vehículos automotores, carrocerías, remolques y autopartes",131.3105211864484
2019-09-01,34,"Vehículos automotores, carrocerías, remolques y autopartes",117.65049796772288
2019-10-01,34,"Vehículos automotores, carrocerías, remolques y autopartes",134.11301781306338
2019-11-01,34,"Vehículos automotores, carrocerías, remolques y autopartes",114.12115863032969
2019-12-01,34,"Vehículos automotores, carrocerías, remolques y autopartes",82.7946384441588
2020-01-01,34,"Vehículos automotores, carrocerías, remolques y autopartes",76.22305634213144
2020-02-01,34,"Vehículos automotores, carrocerías, remolques y autopartes",108.4682236657461
2020-03-01,34,"Vehículos automotores, carrocerías, remolques y autopartes",79.85505312114984
2020-04-01,34,"Vehículos automotores, carrocerías, remolques y autopartes",14.478824246210547
2020-05-01,34,"Vehículos automotores, carrocerías, remolques y autopartes",34.66704110443276
2020-06-01,34,"Vehículos automotores, carrocerías, remolques y autopartes",72.87636767510368
2020-07-01,34,"Vehículos automotores, carrocerías, remolques y autopartes",89.42904183212612
2020-08-01,34,"Vehículos automotores, carrocerías, remolques y autopartes",108.86441925548857
2020-09-01,34,"Vehículos automotores, carrocerías, remolques y autopartes",128.86437560729536
2020-10-01,34,"Vehículos automotores, carrocerías, remolques y autopartes",122.23085143519442
2020-11-01,34,"Vehículos automotores, carrocerías, remolques y autopartes",131.5046187493892
2020-12-01,34,"Vehículos automotores, carrocerías, remolques y autopartes",116.34413764325313
2021-01-01,34,"Vehículos automotores, carrocerías, remolques y autopartes",88.4194857544925
2021-02-01,34,"Vehículos automotores, carrocerías, remolques y autopartes",100.83667783780032
2021-03-01,34,"Vehículos automotores, carrocerías, remolques y autopartes",157.5202921044872
2021-04-01,34,"Vehículos automotores, carrocerías, remolques y autopartes",123.84197058781169
2021-05-01,34,"Vehículos automotores, carrocerías, remolques y autopartes",129.91690016629198
2021-06-01,34,"Vehículos automotores, carrocerías, remolques y autopartes",147.91409697042198
2021-07-01,34,"Vehículos automotores, carrocerías, remolques y autopartes",130.9287219446771
2021-08-01,34,"Vehículos automotores, carrocerías, remolques y autopartes",146.1718036813336
2021-09-01,34,"Vehículos automotores, carrocerías, remolques y autopartes",152.64318446157822
2021-10-01,34,"Vehículos automotores, carrocerías, remolques y autopartes",144.2716563057464
2021-11-01,34,"Vehículos automotores, carrocerías, remolques y autopartes",161.79856813035374
2021-12-01,34,"Vehículos automotores, carrocerías, remolques y autopartes",138.41014012875203
2022-01-01,34,"Vehículos automotores, carrocerías, remolques y autopartes",71.78429546838804
2022-02-01,34,"Vehículos automotores, carrocerías, remolques y autopartes",130.78417841332225
2022-03-01,34,"Vehículos automotores, carrocerías, remolques y autopartes",161.3663927150863
2022-04-01,34,"Vehículos automotores, carrocerías, remolques y autopartes",155.07986400057612
2022-05-01,34,"Vehículos automotores, carrocerías, remolques y autopartes",160.14294341738722
2022-06-01,34,"Vehículos automotores, carrocerías, remolques y autopartes",164.37414307404848
2022-07-01,34,"Vehículos automotores, carrocerías, remolques y autopartes",159.0634320649222
2022-08-01,34,"Vehículos automotores, carrocerías, remolques y autopartes",181.46914449729672
2022-09-01,34,"Vehículos automotores, carrocerías, remolques y autopartes",174.09334694825282
2022-10-01,34,"Vehículos automotores, carrocerías, remolques y autopartes",165.75147904746194
2022-11-01,34,"Vehículos automotores, carrocerías, remolques y autopartes",173.61409124004393
2022-12-01,34,"Vehículos automotores, carrocerías, remolques y autopartes",128.17406470966984
2023-01-01,34,"Vehículos automotores, carrocerías, remolques y autopartes",88.22736497968233
2023-02-01,34,"Vehículos automotores, carrocerías, remolques y autopartes",142.27476766191478
2023-03-01,34,"Vehículos automotores, carrocerías, remolques y autopartes",189.379744140536
2023-04-01,34,"Vehículos automotores, carrocerías, remolques y autopartes",162.1256511043399
2023-05-01,34,"Vehículos automotores, carrocerías, remolques y autopartes",167.93686399477076
2023-06-01,34,"Vehículos automotores, carrocerías, remolques y autopartes",166.852064877453
2023-07-01,34,"Vehículos automotores, carrocerías, remolques y autopartes",154.64514088386343
2023-08-01,34,"Vehículos automotores, carrocerías, remolques y autopartes",188.53579416936384
2023-09-01,34,"Vehículos automotores, carrocerías, remolques y autopartes",175.21345448428988
2023-10-01,34,"Vehículos automotores, carrocerías, remolques y autopartes",159.38534567243133
2023-11-01,34,"Vehículos automotores, carrocerías, remolques y autopartes",171.62207194482968
2023-12-01,34,"Vehículos automotores, carrocerías, remolques y autopartes",124.29685304350572
2024-01-01,34,"Vehículos automotores, carrocerías, remolques y autopartes",77.31800530953643
2024-02-01,34,"Vehículos automotores, carrocerías, remolques y autopartes",124.36885905067767
2024-03-01,34,"Vehículos automotores, carrocerías, remolques y autopartes",141.24188407102565
2024-04-01,34,"Vehículos automotores, carrocerías, remolques y autopartes",140.03822546006114
2024-05-01,34,"Vehículos automotores, carrocerías, remolques y autopartes",134.17997855370893
2024-06-01,34,"Vehículos automotores, carrocerías, remolques y autopartes",112.46981840401949
2024-07-01,34,"Vehículos automotores, carrocerías, remolques y autopartes",145.55286615585592
2024-08-01,34,"Vehículos automotores, carrocerías, remolques y autopartes",164.8247600855905
2024-09-01,34,"Vehículos automotores, carrocerías, remolques y autopartes",162.1800993712164
2024-10-01,34,"Vehículos automotores, carrocerías, remolques y autopartes",166.70204750530283
2024-11-01,34,"Vehículos automotores, carrocerías, remolques y autopartes",170.25586068082805
2024-12-01,34,"Vehículos automotores, carrocerías, remolques y autopartes",136.28059476028773
2025-01-01,34,"Vehículos automotores, carrocerías, remolques y autopartes",94.94032530674959
2025-02-01,34,"Vehículos automotores, carrocerías, remolques y autopartes",142.5313268276836
2025-03-01,34,"Vehículos automotores, carrocerías, remolques y autopartes",140.85437932713702
2025-04-01,34,"Vehículos automotores, carrocerías, remolques y autopartes",150.78780299996401
2025-05-01,34,"Vehículos automotores, carrocerías, remolques y autopartes",162.13409706668227
2025-06-01,34,"Vehículos automotores, carrocerías, remolques y autopartes",144.81569744899735
2025-07-01,34,"Vehículos automotores, carrocerías, remolques y autopartes",133.24201720699102
2025-08-01,34,"Vehículos automotores, carrocerías, remolques y autopartes",153.75842828250336
2025-09-01,34,"Vehículos automotores, carrocerías, remolques y autopartes",158.9118074674239
2025-10-01,34,"Vehículos automotores, carrocerías, remolques y autopartes",158.3831052908218
2025-11-01,34,"Vehículos automotores, carrocerías, remolques y autopartes",130.9715810538412
2025-12-01,34,"Vehículos automotores, carrocerías, remolques y autopartes",107.29868294354483
2026-01-01,34,"Vehículos automotores, carrocerías, remolques y autopartes",70.91733111113112
2026-02-01,34,"Vehículos automotores, carrocerías, remolques y autopartes",107.50810491128661
2026-03-01,34,"Vehículos automotores, carrocerías, remolques y autopartes",150.64549997005517
2026-04-01,34,"Vehículos automotores, carrocerías, remolques y autopartes",135.19845850133288
2026-05-01,34,"Vehículos automotores, carrocerías, remolques y autopartes",136.02443394901906
2026-06-01,34,"Vehículos automotores, carrocerías, remolques y autopartes",139.62453306815186
2026-07-01,34,"Vehículos automotores, carrocerías, remolques y autopartes",127.62973719303163
2026-08-01,34,"Vehículos automotores, carrocerías, remolques y autopartes",140.28749654072612
2016-01-01,35,Otro equipo de transporte,130.2030975868206
2016-02-01,35,Otro equipo de transporte,143.32330289733605
2016-03-01,35,Otro equipo de transporte,174.82504820001336
2016-04-01,35,Otro equipo de transporte,172.21929218375618
2016-05-01,35,Otro equipo de transporte,160.70105197900003
2016-06-01,35,Otro equipo de transporte,152.07372489574666
2016-07-01,35,Otro equipo de transporte,154.18998162288725
2016-08-01,35,Otro equipo de transporte,174.55374077423312
2016-09-01,35,Otro equipo de transporte,184.44227503832545
2016-10-01,35,Otro equipo de transporte,172.21683939907368
2016-11-01,35,Otro equipo de transporte,178.82368039086467
2016-12-01,35,Otro equipo de transporte,163.2874988569903
2017-01-01,35,Otro equipo de transporte,164.65862307304906
2017-02-01,35,Otro equipo de transporte,157.92450530358633
2017-03-01,35,Otro equipo de transporte,196.62418246287
2017-04-01,35,Otro equipo de transporte,182.1038307689601
2017-05-01,35,Otro equipo de transporte,216.85134797768927
2017-06-01,35,Otro equipo de transporte,212.39517520535762
2017-07-01,35,Otro equipo de transporte,194.30859369648232
2017-08-01,35,Otro equipo de transporte,212.95112876542117
2017-09-01,35,Otro equipo de transporte,201.28311137341848
2017-10-01,35,Otro equipo de transporte,207.24025102483944
2017-11-01,35,Otro equipo de transporte,204.18465981905987
2017-12-01,35,Otro equipo de transporte,182.34623092135806
2018-01-01,35,Otro equipo de transporte,193.11326460115123
2018-02-01,35,Otro equipo de transporte,166.49422731248563
2018-03-01,35,Otro equipo de transporte,201.94896892447582
2018-04-01,35,Otro equipo de transporte,186.91265023518233
2018-05-01,35,Otro equipo de transporte,191.45385060054642
2018-06-01,35,Otro equipo de transporte,132.68158380574988
2018-07-01,35,Otro equipo de transporte,112.13854863282462
2018-08-01,35,Otro equipo de transporte,124.28590376159354
2018-09-01,35,Otro equipo de transporte,115.94002473433014
2018-10-01,35,Otro equipo de transporte,133.29038841743136
2018-11-01,35,Otro equipo de transporte,114.4735533240425
2018-12-01,35,Otro equipo de transporte,81.32228400576021
2019-01-01,35,Otro equipo de transporte,78.95242617505303
2019-02-01,35,Otro equipo de transporte,96.37762508567107
2019-03-01,35,Otro equipo de transporte,93.39863685339537
2019-04-01,35,Otro equipo de transporte,96.42461365204421
2019-05-01,35,Otro equipo de transporte,104.58567071662527
2019-06-01,35,Otro equipo de transporte,89.1770795263884
2019-07-01,35,Otro equipo de transporte,93.25667220134879
2019-08-01,35,Otro equipo de transporte,98.65680528047007
2019-09-01,35,Otro equipo de transporte,92.91921998433409
2019-10-01,35,Otro equipo de transporte,98.19602188651092
2019-11-01,35,Otro equipo de transporte,87.2564666407073
2019-12-01,35,Otro equipo de transporte,78.14573833620685
2020-01-01,35,Otro equipo de transporte,75.57896768731787
2020-02-01,35,Otro equipo de transporte,76.83329950579063
2020-03-01,35,Otro equipo de transporte,67.9701254449036
2020-04-01,35,Otro equipo de transporte,15.855073604277885
2020-05-01,35,Otro equipo de transporte,26.933470451291964
2020-06-01,35,Otro equipo de transporte,48.4198231103185
2020-07-01,35,Otro equipo de transporte,52.835810942438
2020-08-01,35,Otro equipo de transporte,57.00652329547893
2020-09-01,35,Otro equipo de transporte,64.9062956913873
2020-10-01,35,Otro equipo de transporte,69.77347410798798
2020-11-01,35,Otro equipo de transporte,74.71539656990724
2020-12-01,35,Otro equipo de transporte,69.33841558701177
2021-01-01,35,Otro equipo de transporte,60.84122042429261
2021-02-01,35,Otro equipo de transporte,60.11556420321858
2021-03-01,35,Otro equipo de transporte,77.31909324751275
2021-04-01,35,Otro equipo de transporte,76.30991386259984
2021-05-01,35,Otro equipo de transporte,70.44517424951275
2021-06-01,35,Otro equipo de transporte,102.72121951810986
2021-07-01,35,Otro equipo de transporte,99.13370061960336
2021-08-01,35,Otro equipo de transporte,107.0571342127896
2021-09-01,35,Otro equipo de transporte,114.85783336276529
2021-10-01,35,Otro equipo de transporte,112.54853839513439
2021-11-01,35,Otro equipo de transporte,124.30226495619486
2021-12-01,35,Otro equipo de transporte,114.69399709799269
2022-01-01,35,Otro equipo de transporte,91.59997839345392
2022-02-01,35,Otro equipo de transporte,92.54766351430578
2022-03-01,35,Otro equipo de transporte,114.01147670261248
2022-04-01,35,Otro equipo de transporte,113.9889253368339
2022-05-01,35,Otro equipo de transporte,115.33826199213681
2022-06-01,35,Otro equipo de transporte,114.60218147351385
2022-07-01,35,Otro equipo de transporte,114.79700413881703
2022-08-01,35,Otro equipo de transporte,121.49738261146469
2022-09-01,35,Otro equipo de transporte,122.80121600620312
2022-10-01,35,Otro equipo de transporte,111.3591088197829
2022-11-01,35,Otro equipo de transporte,122.23611480991687
2022-12-01,35,Otro equipo de transporte,100.40122577555596
2023-01-01,35,Otro equipo de transporte,88.94628527069861
2023-02-01,35,Otro equipo de transporte,100.49773392889902
2023-03-01,35,Otro equipo de transporte,125.2531353164147
2023-04-01,35,Otro equipo de transporte,117.82911486112206
2023-05-01,35,Otro equipo de transporte,120.47585384434
2023-06-01,35,Otro equipo de transporte,117.46562189794071
2023-07-01,35,Otro equipo de transporte,110.31667663889728
2023-08-01,35,Otro equipo de transporte,117.67176588454157
2023-09-01,35,Otro equipo de transporte,125.33694102691898
2023-10-01,35,Otro equipo de transporte,121.67919424230327
2023-11-01,35,Otro equipo de transporte,134.7942029154594
2023-12-01,35,Otro equipo de transporte,112.34987152653194
2024-01-01,35,Otro equipo de transporte,96.65493476905853
2024-02-01,35,Otro equipo de transporte,99.24692066881236
2024-03-01,35,Otro equipo de transporte,104.00972338969484
2024-04-01,35,Otro equipo de transporte,112.30571488215396
2024-05-01,35,Otro equipo de transporte,108.1021673104986
2024-06-01,35,Otro equipo de transporte,100.93680743099553
2024-07-01,35,Otro equipo de transporte,114.24827048789376
2024-08-01,35,Otro equipo de transporte,128.10412668214175
2024-09-01,35,Otro equipo de transporte,115.68389614755432
2024-10-01,35,Otro equipo de transporte,130.4555704299865
2024-11-01,35,Otro equipo de transporte,131.0869150490599
2024-12-01,35,Otro equipo de transporte,121.93987655867312
2025-01-01,35,Otro equipo de transporte,124.61757101151123
2025-02-01,35,Otro equipo de transporte,130.14992332336266
2025-03-01,35,Otro equipo de transporte,133.48042079933575
2025-04-01,35,Otro equipo de transporte,141.56247287062814
2025-05-01,35,Otro equipo de transporte,146.29449632174627
2025-06-01,35,Otro equipo de transporte,124.24608871090736
2025-07-01,35,Otro equipo de transporte,129.08867844478712
2025-08-01,35,Otro equipo de transporte,124.31937671512175
2025-09-01,35,Otro equipo de transporte,135.47619530911487
2025-10-01,35,Otro equipo de transporte,146.5228021813256
2025-11-01,35,Otro equipo de transporte,131.89683791997936
2025-12-01,35,Otro equipo de transporte,117.9680020682746
2026-01-01,35,Otro equipo de transporte,112.72938807808238
2026-02-01,35,Otro equipo de transporte,103.02475558781474
2026-03-01,35,Otro equipo de transporte,137.1639239225435
2026-04-01,35,Otro equipo de transporte,138.2312963495557
2026-05-01,35,Otro equipo de transporte,131.2232199145633
2026-06-01,35,Otro equipo de transporte,132.54181186836774
2026-07-01,35,Otro equipo de transporte,132.25332245620146
2026-08-01,35,Otro equipo de transporte,139.35987368838514
2016-01-01,36-38,"Muebles y colchones, y otras industrias manufactureras",110.07757779040487
2016-02-01,36-38,"Muebles y colchones, y otras industrias manufactureras",104.75954868353593
2016-03-01,36-38,"Muebles y colchones, y otras industrias manufactureras",130.56408129497115
2016-04-01,36-38,"Muebles y colchones, y otras industrias manufactureras",137.48143822052026
2016-05-01,36-38,"Muebles y colchones, y otras industrias manufactureras",136.27415104720808
2016-06-01,36-38,"Muebles y colchones, y otras industrias manufactureras",131.484663347581
2016-07-01,36-38,"Muebles y colchones, y otras industrias manufactureras",131.87703089265747
2016-08-01,36-38,"Muebles y colchones, y otras industrias manufactureras",140.77998828630686
2016-09-01,36-38,"Muebles y colchones, y otras industrias manufactureras",137.1009075020415
2016-10-01,36-38,"Muebles y colchones, y otras industrias manufactureras",140.04755378962471
2016-11-01,36-38,"Muebles y colchones, y otras industrias manufactureras",144.05848853436692
2016-12-01,36-38,"Muebles y colchones, y otras industrias manufactureras",131.43650123486822
2017-01-01,36-38,"Muebles y colchones, y otras industrias manufactureras",107.48870013622027
2017-02-01,36-38,"Muebles y colchones, y otras industrias manufactureras",96.64045062011513
2017-03-01,36-38,"Muebles y colchones, y otras industrias manufactureras",140.35432976211362
2017-04-01,36-38,"Muebles y colchones, y otras industrias manufactureras",128.95025617393645
2017-05-01,36-38,"Muebles y colchones, y otras industrias manufactureras",144.57769814349138
2017-06-01,36-38,"Muebles y colchones, y otras industrias manufactureras",146.39725349245637
2017-07-01,36-38,"Muebles y colchones, y otras industrias manufactureras",148.20982647820807
2017-08-01,36-38,"Muebles y colchones, y otras industrias manufactureras",151.78913651045443
2017-09-01,36-38,"Muebles y colchones, y otras industrias manufactureras",147.10664722399522
2017-10-01,36-38,"Muebles y colchones, y otras industrias manufactureras",160.0670453628138
2017-11-01,36-38,"Muebles y colchones, y otras industrias manufactureras",156.65617783470793
2017-12-01,36-38,"Muebles y colchones, y otras industrias manufactureras",136.98771518669233
2018-01-01,36-38,"Muebles y colchones, y otras industrias manufactureras",116.19952307500795
2018-02-01,36-38,"Muebles y colchones, y otras industrias manufactureras",99.04232928894605
2018-03-01,36-38,"Muebles y colchones, y otras industrias manufactureras",140.79953268940432
2018-04-01,36-38,"Muebles y colchones, y otras industrias manufactureras",134.1717405657788
2018-05-01,36-38,"Muebles y colchones, y otras industrias manufactureras",145.19303984650819
2018-06-01,36-38,"Muebles y colchones, y otras industrias manufactureras",123.68167936315386
2018-07-01,36-38,"Muebles y colchones, y otras industrias manufactureras",128.88608656342308
2018-08-01,36-38,"Muebles y colchones, y otras industrias manufactureras",136.11674845573128
2018-09-01,36-38,"Muebles y colchones, y otras industrias manufactureras",111.62285032454147
2018-10-01,36-38,"Muebles y colchones, y otras industrias manufactureras",115.44176437049984
2018-11-01,36-38,"Muebles y colchones, y otras industrias manufactureras",110.55618080113516
2018-12-01,36-38,"Muebles y colchones, y otras industrias manufactureras",94.12900473050475
2019-01-01,36-38,"Muebles y colchones, y otras industrias manufactureras",99.03113924865038
2019-02-01,36-38,"Muebles y colchones, y otras industrias manufactureras",99.5456605714217
2019-03-01,36-38,"Muebles y colchones, y otras industrias manufactureras",101.01195807791628
2019-04-01,36-38,"Muebles y colchones, y otras industrias manufactureras",105.58451468976443
2019-05-01,36-38,"Muebles y colchones, y otras industrias manufactureras",112.78262826485957
2019-06-01,36-38,"Muebles y colchones, y otras industrias manufactureras",105.6823530848344
2019-07-01,36-38,"Muebles y colchones, y otras industrias manufactureras",128.77262645085673
2019-08-01,36-38,"Muebles y colchones, y otras industrias manufactureras",114.29326084052781
2019-09-01,36-38,"Muebles y colchones, y otras industrias manufactureras",95.87561628288596
2019-10-01,36-38,"Muebles y colchones, y otras industrias manufactureras",111.58426096204096
2019-11-01,36-38,"Muebles y colchones, y otras industrias manufactureras",109.89006255473215
2019-12-01,36-38,"Muebles y colchones, y otras industrias manufactureras",97.02914267870537
2020-01-01,36-38,"Muebles y colchones, y otras industrias manufactureras",93.37430282023622
2020-02-01,36-38,"Muebles y colchones, y otras industrias manufactureras",84.63426828520802
2020-03-01,36-38,"Muebles y colchones, y otras industrias manufactureras",74.6125297014214
2020-04-01,36-38,"Muebles y colchones, y otras industrias manufactureras",46.33362851452013
2020-05-01,36-38,"Muebles y colchones, y otras industrias manufactureras",86.51583964434587
2020-06-01,36-38,"Muebles y colchones, y otras industrias manufactureras",108.8529860524809
2020-07-01,36-38,"Muebles y colchones, y otras industrias manufactureras",121.39358663741463
2020-08-01,36-38,"Muebles y colchones, y otras industrias manufactureras",117.04706770801938
2020-09-01,36-38,"Muebles y colchones, y otras industrias manufactureras",111.07854887857188
2020-10-01,36-38,"Muebles y colchones, y otras industrias manufactureras",120.94524213666953
2020-11-01,36-38,"Muebles y colchones, y otras industrias manufactureras",110.78231209045292
2020-12-01,36-38,"Muebles y colchones, y otras industrias manufactureras",102.88522893519989
2021-01-01,36-38,"Muebles y colchones, y otras industrias manufactureras",87.00203501839226
2021-02-01,36-38,"Muebles y colchones, y otras industrias manufactureras",83.60785214854927
2021-03-01,36-38,"Muebles y colchones, y otras industrias manufactureras",111.5582704780047
2021-04-01,36-38,"Muebles y colchones, y otras industrias manufactureras",113.09744636486414
2021-05-01,36-38,"Muebles y colchones, y otras industrias manufactureras",98.30299940153336
2021-06-01,36-38,"Muebles y colchones, y otras industrias manufactureras",100.2063095202121
2021-07-01,36-38,"Muebles y colchones, y otras industrias manufactureras",115.46054042551002
2021-08-01,36-38,"Muebles y colchones, y otras industrias manufactureras",102.5327211229211
2021-09-01,36-38,"Muebles y colchones, y otras industrias manufactureras",96.34133927442078
2021-10-01,36-38,"Muebles y colchones, y otras industrias manufactureras",106.40825677382874
2021-11-01,36-38,"Muebles y colchones, y otras industrias manufactureras",111.43557855181272
2021-12-01,36-38,"Muebles y colchones, y otras industrias manufactureras",114.97517026048234
2022-01-01,36-38,"Muebles y colchones, y otras industrias manufactureras",78.78719330204336
2022-02-01,36-38,"Muebles y colchones, y otras industrias manufactureras",86.28095628503152
2022-03-01,36-38,"Muebles y colchones, y otras industrias manufactureras",106.84129908818808
2022-04-01,36-38,"Muebles y colchones, y otras industrias manufactureras",112.04535619821606
2022-05-01,36-38,"Muebles y colchones, y otras industrias manufactureras",109.06908449836013
2022-06-01,36-38,"Muebles y colchones, y otras industrias manufactureras",109.10270810852667
2022-07-01,36-38,"Muebles y colchones, y otras industrias manufactureras",118.48554680092532
2022-08-01,36-38,"Muebles y colchones, y otras industrias manufactureras",111.86883070884652
2022-09-01,36-38,"Muebles y colchones, y otras industrias manufactureras",99.66115888983887
2022-10-01,36-38,"Muebles y colchones, y otras industrias manufactureras",100.51726777545684
2022-11-01,36-38,"Muebles y colchones, y otras industrias manufactureras",108.34828538715519
2022-12-01,36-38,"Muebles y colchones, y otras industrias manufactureras",95.98028016710148
2023-01-01,36-38,"Muebles y colchones, y otras industrias manufactureras",85.6757551347491
2023-02-01,36-38,"Muebles y colchones, y otras industrias manufactureras",88.83637312994861
2023-03-01,36-38,"Muebles y colchones, y otras industrias manufactureras",116.02817933440558
2023-04-01,36-38,"Muebles y colchones, y otras industrias manufactureras",117.58039164016647
2023-05-01,36-38,"Muebles y colchones, y otras industrias manufactureras",120.69957127998362
2023-06-01,36-38,"Muebles y colchones, y otras industrias manufactureras",108.92845164172275
2023-07-01,36-38,"Muebles y colchones, y otras industrias manufactureras",119.35919281823938
2023-08-01,36-38,"Muebles y colchones, y otras industrias manufactureras",108.83695343244024
2023-09-01,36-38,"Muebles y colchones, y otras industrias manufactureras",94.37557734860607
2023-10-01,36-38,"Muebles y colchones, y otras industrias manufactureras",104.60215219939936
2023-11-01,36-38,"Muebles y colchones, y otras industrias manufactureras",101.562796424868
2023-12-01,36-38,"Muebles y colchones, y otras industrias manufactureras",70.55260408991748
2024-01-01,36-38,"Muebles y colchones, y otras industrias manufactureras",64.47779210218673
2024-02-01,36-38,"Muebles y colchones, y otras industrias manufactureras",62.97501228448917
2024-03-01,36-38,"Muebles y colchones, y otras industrias manufactureras",69.80855907793867
2024-04-01,36-38,"Muebles y colchones, y otras industrias manufactureras",77.12340141686974
2024-05-01,36-38,"Muebles y colchones, y otras industrias manufactureras",80.54530638117258
2024-06-01,36-38,"Muebles y colchones, y otras industrias manufactureras",69.8511026328375
2024-07-01,36-38,"Muebles y colchones, y otras industrias manufactureras",97.12556763016394
2024-08-01,36-38,"Muebles y colchones, y otras industrias manufactureras",98.26813909954937
2024-09-01,36-38,"Muebles y colchones, y otras industrias manufactureras",93.4702476208213
2024-10-01,36-38,"Muebles y colchones, y otras industrias manufactureras",100.52925879913916
2024-11-01,36-38,"Muebles y colchones, y otras industrias manufactureras",99.06200792091715
2024-12-01,36-38,"Muebles y colchones, y otras industrias manufactureras",94.29431362510384
2025-01-01,36-38,"Muebles y colchones, y otras industrias manufactureras",84.33736201585634
2025-02-01,36-38,"Muebles y colchones, y otras industrias manufactureras",83.45377258957329
2025-03-01,36-38,"Muebles y colchones, y otras industrias manufactureras",92.70042779005617
2025-04-01,36-38,"Muebles y colchones, y otras industrias manufactureras",105.4805188216773
2025-05-01,36-38,"Muebles y colchones, y otras industrias manufactureras",106.18368439721769
2025-06-01,36-38,"Muebles y colchones, y otras industrias manufactureras",96.47314925670729
2025-07-01,36-38,"Muebles y colchones, y otras industrias manufactureras",108.98482128331817
2025-08-01,36-38,"Muebles y colchones, y otras industrias manufactureras",96.76199773910693
2025-09-01,36-38,"Muebles y colchones, y otras industrias manufactureras",96.91663967034235
2025-10-01,36-38,"Muebles y colchones, y otras industrias manufactureras",99.548019889331
2025-11-01,36-38,"Muebles y colchones, y otras industrias manufactureras",90.40590963448997
2025-12-01,36-38,"Muebles y colchones, y otras industrias manufactureras",90.19925171728335
2026-01-01,36-38,"Muebles y colchones, y otras industrias manufactureras",80.0079242081605
2026-02-01,36-38,"Muebles y colchones, y otras industrias manufactureras",74.20502470111853
2026-03-01,36-38,"Muebles y colchones, y otras industrias manufactureras",94.54300789115803
2026-04-01,36-38,"Muebles y colchones, y otras industrias manufactureras",98.93659028688901
2026-05-01,36-38,"Muebles y colchones, y otras industrias manufactureras",97.88338258446532
2026-06-01,36-38,"Muebles y colchones, y otras industrias manufactureras",99.55955693369263
2026-07-01,36-38,"Muebles y colchones, y otras industrias manufactureras",99.28432263254572
2026-08-01,36-38,"Muebles y colchones, y otras industrias manufactureras",91.82576794141607
